name;artists;album_name;date;song_id;cover_url;playlist;position
Millones;['Camilo'];Mis Manos;2021-03-04;3YAnNBdk0uHyakXXzMbNJq;https://i.scdn.co/image/ab67616d0000b273d1e1f4ca767f27476eb51d42;CamiloRadio;1
La Boca;['Mau y Ricky', 'Camilo'];Para Aventuras y Curiosidades;2019-05-03;0UQwlF2pRkr1lMN6kNNUj3;https://i.scdn.co/image/ab67616d0000b273553144b7fc4161ba2ea6570c;CamiloRadio;2
Despeinada;['Ozuna', 'Camilo'];ENOC;2020-09-04;0JAZWvvqttGFm4UMDsPQXC;https://i.scdn.co/image/ab67616d0000b273b1717c201d31ad8e43dedc55;CamiloRadio;3
Tattoo - Remix with Camilo;['Rauw Alejandro', 'Camilo'];Afrodisíaco;2020-11-13;4G3PTss3mU33Tau7t4KbwE;https://i.scdn.co/image/ab67616d0000b273bbb38f3a3a5b0799aa6988f1;CamiloRadio;4
Favorito;['Camilo'];Por Primera Vez;2020-04-17;0jT8Nl0shPS8115is0wD2Q;https://i.scdn.co/image/ab67616d0000b27370f823e59fb628187d79edc7;CamiloRadio;5
Carteras Chinas;['ELENA ROSE', 'Camilo', 'Los Ángeles Azules'];Carteras Chinas;2025-04-24;40V77QgNlrEn4V03E13zxh;https://i.scdn.co/image/ab67616d0000b27380f48a81816f46f0d958d47a;CamiloRadio;6
CONTIGO VOY A MUERTE;['KAROL G', 'Camilo'];KG0516;2021-03-26;615XWyY2RPfk3iuYcU6qvi;https://i.scdn.co/image/ab67616d0000b273ae28c8f2748587cc2a33d6c2;CamiloRadio;7
Buenos Días;['Wisin', 'Camilo', 'Los Legendarios'];Multimillo, Vol. 1;2022-07-01;79NdVoSxUC2XC48eg0ifMy;https://i.scdn.co/image/ab67616d0000b273508f8c8bfe729d605334ca35;CamiloRadio;8
ESTA ES TU CASA NENA;['Kapo', 'Camilo'];ESTA ES TU CASA NENA;2025-09-11;1be5haaiIQXBp7nQFhhpge;https://i.scdn.co/image/ab67616d0000b273703bbed036b96a2f5744f47d;CamiloRadio;9
Salitre;['Manuel Carrasco', 'Camilo'];Pueblo Salvaje II;2025-05-08;5tUUPztAzPA3wXKbR3njjw;https://i.scdn.co/image/ab67616d0000b273153479202da7366e51c2c71a;CamiloRadio;10
Vida de Rico;['Camilo'];Mis Manos;2021-03-04;4nTduFjaTmGysc9WKNuCcs;https://i.scdn.co/image/ab67616d0000b273d1e1f4ca767f27476eb51d42;CamiloRadio;11
Si Tuviera Que Elegir;['Ricardo Montaner', 'Camilo', 'Evaluna Montaner'];Si Tuviera Que Elegir;2025-05-16;2i9seTIiIfd2kmFztBKDnT;https://i.scdn.co/image/ab67616d0000b273d1e635fee1ea467f180c61ef;CamiloRadio;12
Miénteme;['TINI', 'Maria Becerra'];Cupido;2023-02-16;6ebo7CQn4ILLGvXRmXHhQz;https://i.scdn.co/image/ab67616d0000b2730c5b7823a8b0ac6feb53fd11;CamiloRadio;13
Tan Bonita;['Piso 21'];El Amor En Los Tiempos Del Perreo;2021-03-18;6mm3K0yWp6uzfOMuipM9Zh;https://i.scdn.co/image/ab67616d0000b273631fcfa9ab74bc7a6faa713c;CamiloRadio;14
Late Mejor (feat. Camilo);['Vic Mirallas', 'Camilo'];Late Mejor (feat. Camilo);2020-01-17;0XD52RGU6j9z1NfBuPAgYs;https://i.scdn.co/image/ab67616d0000b273e2b7dc9688d623c0995acc6f;CamiloRadio;15
Por Primera Vez;['Camilo', 'Evaluna Montaner'];Por Primera Vez;2020-04-17;0pgj4EzB1XRqgZemoMNG5D;https://i.scdn.co/image/ab67616d0000b27370f823e59fb628187d79edc7;CamiloRadio;16
Desconocidos;['Mau y Ricky', 'Manuel Turizo', 'Camilo'];Para Aventuras y Curiosidades;2019-05-03;56f5qnyAlZdlz8wrUDA50h;https://i.scdn.co/image/ab67616d0000b273553144b7fc4161ba2ea6570c;CamiloRadio;17
Fuera del mercado;['Danny Ocean'];@dannocean;2022-02-17;1UdzJEpgJxtuXAlCOvD4S0;https://i.scdn.co/image/ab67616d0000b27383a5cf876497c823696748be;CamiloRadio;18
Bailando Bachata;['Chayanne'];Bailemos Otra Vez;2023-10-27;2dK99lWPkBVwNen6gK1AtI;https://i.scdn.co/image/ab67616d0000b2736bf0ce87e2004f9fed53151c;CamiloRadio;19
999 (with Camilo);['Selena Gomez', 'Camilo'];999 (with Camilo);2021-08-26;0EtuSDTRJYUwlPf4y6coIz;https://i.scdn.co/image/ab67616d0000b2734a74d9fd12c5d093fd76b642;CamiloRadio;20
BEBÉ;['Camilo', 'El Alfa'];Mis Manos;2021-03-04;3Zf4GutWZ7Hv3wsVQsSQPs;https://i.scdn.co/image/ab67616d0000b273d1e1f4ca767f27476eb51d42;CamiloRadio;21
Amén;['Ricardo Montaner', 'Camilo', 'Mau y Ricky', 'Evaluna Montaner'];Fe;2021-05-31;4ImiVRynIiSHsfZwBQWSC5;https://i.scdn.co/image/ab67616d0000b273f84f21015cd93cef92210f36;CamiloRadio;22
MIENTRAS ME CURO DEL CORA;['KAROL G'];MAÑANA SERÁ BONITO;2023-02-24;6otePxalBK8AVa20xhZYVQ;https://i.scdn.co/image/ab67616d0000b27382de1ca074ae63cb18fce335;CamiloRadio;23
Puntos Suspensivos;['Piso 21'];Ubuntu;2018-05-11;04cd1MHVq1D8v1nuTZoCdv;https://i.scdn.co/image/ab67616d0000b2738cf2d98b8cee7a46488a3c25;CamiloRadio;24
Desamarte;['Luis Cortés', 'Camilo'];Corazón Negro;2025-05-27;09kH8gWpooPEwYWvAMslxR;https://i.scdn.co/image/ab67616d0000b273ff59248fe58487c10052df49;CamiloRadio;25
Índigo;['Camilo', 'Evaluna Montaner'];De Adentro Pa Afuera;2022-09-06;6i28Cxd4CUiHmcowzQW38w;https://i.scdn.co/image/ab67616d0000b27373d1a9f6e16d6c865eff9eb4;CamiloRadio;26
mimos;['nic', 'Camilo'];escrita;2024-05-02;7IfodLxOCtLaeW8AS1SJ4r;https://i.scdn.co/image/ab67616d0000b273666c34c78d460d9893155f69;CamiloRadio;27
Si Me Dices Que Sí;['Reik', 'Farruko', 'Camilo'];Si Me Dices Que Sí;2020-02-18;56Ta1O7Jxxpjnc6cWdDKUo;https://i.scdn.co/image/ab67616d0000b273b49a94f2501b79c93c25b1e5;CamiloRadio;28
Volare;['Danny Ocean'];@dannocean;2022-11-10;7nE9H4e4uPOis5sJY39fOc;https://i.scdn.co/image/ab67616d0000b273219973bcf027114a95e7996b;CamiloRadio;29
This City Remix (con Camilo);['Sam Fischer', 'Camilo'];This City Remix (con Camilo);2020-05-28;0NjK0U6gTKcl6pMjqUwmGe;https://i.scdn.co/image/ab67616d0000b2732c41c800a177298f1fee8e2e;CamiloRadio;30
Machu Picchu;['Camilo', 'Evaluna Montaner'];Mis Manos;2021-03-04;6RV9pRLIQiXm3qTGeyQluf;https://i.scdn.co/image/ab67616d0000b273d1e1f4ca767f27476eb51d42;CamiloRadio;31
Aunque No Sea Conmigo;['Aitana', 'Evaluna Montaner'];Aunque No Sea Conmigo;2021-07-22;6GfqNqXkAofNOakU77MWEb;https://i.scdn.co/image/ab67616d0000b273a422e983bcae89e3cf46ac84;CamiloRadio;32
Me Lo Merezco;['ELENA ROSE'];Me Lo Merezco;2024-03-22;0vXKNdPKnNqojeHM696Q88;https://i.scdn.co/image/ab67616d0000b27352008f3b8d71a07ca9616e2a;CamiloRadio;33
¿Qué Ha Pasao'?;['Abraham Mateo', 'Sofía Reyes'];Sigo a Lo Mío;2020-06-19;5fxnoiUBJ5DMAQEYb2uFOr;https://i.scdn.co/image/ab67616d0000b273400f89e688ef62e64c96c484;CamiloRadio;34
Hasta Ese Día;['Lasso'];Cuatro Estaciones;2021-08-02;1nbaJy4hbGV8r3DRqeeXF1;https://i.scdn.co/image/ab67616d0000b273e3811a2e3511cb71c481bcb5;CamiloRadio;35
PLIS;['Camilo', 'Evaluna Montaner'];cuatro;2024-05-23;2uei5EK0iBwbjEKwoX6j5p;https://i.scdn.co/image/ab67616d0000b273fc23c5b2322433ad74a7ab16;CamiloRadio;36
MI EX TENÍA RAZÓN;['KAROL G'];MAÑANA SERÁ BONITO (BICHOTA SEASON);2023-08-10;54zcJnb3tp9c5OVKREZ1Is;https://i.scdn.co/image/ab67616d0000b273d026bf9d7780f6a1267b4d03;CamiloRadio;37
Soltera;['Shakira'];Soltera;2024-09-25;3OJDtCdYs8QJnui708tEU3;https://i.scdn.co/image/ab67616d0000b273ab3c4257d46b6350454c2f4b;CamiloRadio;38
Lejos de la Ciudad - con Camilo;['Daniela Spalla', 'Camilo'];Lejos de la Ciudad (con Camilo);2024-12-06;3iDMvP8BZxE2Olorh2pWg9;https://i.scdn.co/image/ab67616d0000b273d3738e841e2a85f2c01afa08;CamiloRadio;39
Imagínate;['Danny Ocean', 'Kapo'];Babylon Club;2025-07-31;7ns16ylM6sbxo9ZWIwyE5d;https://i.scdn.co/image/ab67616d0000b2734330d7d9762313dff66f1ca7;CamiloRadio;40
Ni Me Debes Ni Te Debo;['Carín León', 'Camilo'];Colmillo De Leche;2023-05-19;1393rKYgZHNphZrdx1jWoN;https://i.scdn.co/image/ab67616d0000b273daf12ebec7ae15f8322e1e5e;CamiloRadio;41
No Te Vayas;['Camilo'];Por Primera Vez;2020-04-17;1q1sjzJpUYEkTbA9Uz0qrU;https://i.scdn.co/image/ab67616d0000b27370f823e59fb628187d79edc7;CamiloRadio;42
Tiroteo - Remix;['Marc Seguí', 'Rauw Alejandro', 'Pol Granch'];Tiroteo (Remix);2021-04-01;4OwhwvKESFtuu06dTgct7i;https://i.scdn.co/image/ab67616d0000b273cf206ae0c2100b85d30ab24c;CamiloRadio;43
Te Vi;['Piso 21', 'Micro TDH'];Te Vi;2018-12-14;059bcIhyc2SBwm6sw2AZzd;https://i.scdn.co/image/ab67616d0000b273244a592f4a0fc01b2446e797;CamiloRadio;44
Baloncito Viejo;['Carlos Vives', 'Camilo'];Cumbiana II;2022-05-13;0lJHI1i4EQyTsf3uVTU3sq;https://i.scdn.co/image/ab67616d0000b273eca71c5820ddc31365e658d3;CamiloRadio;45
Autodiagnóstico;['Camilo'];cuatro;2024-05-23;0UiVWrn3x2X1fdsiYInybG;https://i.scdn.co/image/ab67616d0000b273fc23c5b2322433ad74a7ab16;CamiloRadio;46
Ojos Marrones;['Lasso'];Eva;2023-03-17;2Ga1FnYssxRlMukIDI0f0y;https://i.scdn.co/image/ab67616d0000b2738e3d95a57c2be60c96dee4b8;CamiloRadio;47
Querida Yo;['Yami Safdie', 'Camilo'];Querida Yo;2025-11-27;2yfNUAVLvMldSrgW1SGfdV;https://i.scdn.co/image/ab67616d0000b2736f4ba0a7606f9488c94972ec;CamiloRadio;48
En Guerra;['Sebastian Yatra', 'Camilo'];FANTASÍA;2019-04-12;6dJPqP0gHP6iAZuIk1njBs;https://i.scdn.co/image/ab67616d0000b273194331547eaabec350413225;CamiloRadio;49
Ay, DiOs Mío!;['KAROL G'];KG0516;2021-03-26;1beTDCe7sT7fzm8WIKXicz;https://i.scdn.co/image/ab67616d0000b273ae28c8f2748587cc2a33d6c2;CamiloRadio;50
Twizzler;['Cigarettes After Sex'];Twizzler;2026-05-19;55kn7P8aUDI3CyGx1jlCLT;https://i.scdn.co/image/ab67616d0000b27388b902c0f9ed88b08e00d22a;GooseBumps;1
makes me want you;['sombr'];makes me want you;2024-11-15;0CRvTAUyG3WOb3DIelsJ12;https://i.scdn.co/image/ab67616d0000b273e9131ffc7a6c478824849928;GooseBumps;2
My Girlfriend (feat. Ella Boh);['Henry Morris', 'Ella Boh'];My Girlfriend (feat. Ella Boh);2026-06-26;27xprsAJJYC2U02zKog81S;https://i.scdn.co/image/ab67616d0000b273bf0691c21bf238e9bc2f69dd;GooseBumps;3
MORNING DEW (DONK);['Beyoncé'];MORNING DEW (DONK);2026-07-04;4ZYlzwjjAJrflwWg4DJTlT;https://i.scdn.co/image/ab67616d0000b27329803857f9f242ab9fdcfe40;GooseBumps;4
jAGUAR;['Cloudy June'];jAGUAR;2026-06-05;7r1xF1bYg6BMs8u5V4sAeT;https://i.scdn.co/image/ab67616d0000b273be8e6c0c744c2b96975504e8;GooseBumps;5
NSFW;['Haiden Henderson'];NSFW;2026-06-26;5PkQJUjEmdoGdpYTbCv1QC;https://i.scdn.co/image/ab67616d0000b2731d5e4b2071b8c1729fe04255;GooseBumps;6
I Wanna Be Yours;['Arctic Monkeys'];AM;2013-09-09;5XeFesFbtLpXzIVDNQP22n;https://i.scdn.co/image/ab67616d0000b2734ae1c4c5c45aabe565499163;GooseBumps;7
miss me, babe?;['bartek turski', 'Hera Lind'];miss me, babe?;2026-05-22;51kgPfVqfuHq05QT5kUP1m;https://i.scdn.co/image/ab67616d0000b27385a8ecc39f56ebaf1b7e85c8;GooseBumps;8
LET ME IN;['Jared Benjamin'];ICARUS: Too Close To The Sun;2026-06-26;0FJKAzOCba9AX4cVfAudd1;https://i.scdn.co/image/ab67616d0000b2736fc1a457868f5b0f56d6147a;GooseBumps;9
One Of The Girls (with JENNIE, Lily Rose Depp);['The Weeknd', 'JENNIE', 'Lily-Rose Depp'];The Idol Episode 4 (Music from the HBO Original Series);2023-06-23;7CyPwkp0oE8Ro9Dd5CUDjW;https://i.scdn.co/image/ab67616d0000b273b0dd6a5cd1dec96c4119c262;GooseBumps;10
Sure Thing;['Miguel'];All I Want Is You;2010-11-30;0JXXNGljqupsJaZsgSbMZV;https://i.scdn.co/image/ab67616d0000b273d5a8395b0d80b8c48a5d851c;GooseBumps;11
Hold On Tight;['Christian French'];Hold On Tight;2026-06-05;6oPY6kNFFkgViDDYkrRM96;https://i.scdn.co/image/ab67616d0000b27396dc0662adc589526ac2fb31;GooseBumps;12
Kiss It Better;['Rihanna'];ANTI (Deluxe);2016-01-28;0UHB9METy4VCXNgkcGqHqS;https://i.scdn.co/image/ab67616d0000b2736be9bac15995f089579074de;GooseBumps;13
Shut up My Moms Calling;['Hotel Ugly'];Shut up My Moms Calling;2020-02-10;3hxIUxnT27p5WcmjGUXNwx;https://i.scdn.co/image/ab67616d0000b273350ab7a839c04bfd5225a9f5;GooseBumps;14
Bad Ones;['NERIAH'];Bad Ones;2026-07-17;55dLto2zNNweS9dfcEkLX6;https://i.scdn.co/image/ab67616d0000b273aa85032842f243557b3a95a0;GooseBumps;15
Pink + White;['Frank Ocean'];Blonde;2016-08-20;3xKsf9qdS1CyvXSMEid6g8;https://i.scdn.co/image/ab67616d0000b273c5649add07ed3720be9d5526;GooseBumps;16
Softcore;['The Neighbourhood'];Hard To Imagine The Neighbourhood Ever Changing;2018-11-02;2K7xn816oNHJZ0aVqdQsha;https://i.scdn.co/image/ab67616d0000b2739b6ac98a52f62d5cb473da40;GooseBumps;17
Snooze;['SZA'];SOS;2022-12-09;4iZ4pt7kvcaH6Yo8UoZ4s2;https://i.scdn.co/image/ab67616d0000b273bc18bdade69ec5ef0bb25b17;GooseBumps;18
Superpowers;['Daniel Caesar'];NEVER ENOUGH;2023-04-07;736PP5LTtREkDgktNmX3Gu;https://i.scdn.co/image/ab67616d0000b2737c68face1dc58127f3a7b1cc;GooseBumps;19
Evergreen (You Didn’t Deserve Me At All);['Omar Apollo'];Ivory;2022-04-08;2TktkzfozZifbQhXjT6I33;https://i.scdn.co/image/ab67616d0000b273a4b3a51e2b3941f5275f052f;GooseBumps;20
Swim;['Chase Atlantic'];Chase Atlantic;2017-10-04;3M0lSi5WW79CXQamgSBIjx;https://i.scdn.co/image/ab67616d0000b2735a0c2870f4f309e382d1fad6;GooseBumps;21
Thinkin Bout You;['Frank Ocean'];channel ORANGE;2012-07-10;7DfFc7a6Rwfi3YQMRbDMau;https://i.scdn.co/image/ab67616d0000b2737aede4855f6d0d738012e2e5;GooseBumps;22
Smooth Operator - Single Version;['Sade'];The Best of Sade;1994-10-31;1Hv1VTm8zeOeybub15mA2R;https://i.scdn.co/image/ab67616d0000b2735e25e034e25258b356774c79;GooseBumps;23
Daddy Issues;['The Neighbourhood'];Wiped Out!;2015-10-30;5E30LdtzQTGqRvNd7l6kG5;https://i.scdn.co/image/ab67616d0000b2735260c62db020e5861a51556d;GooseBumps;24
Streets;['Doja Cat'];Hot Pink;2019-11-07;60ynsPSSKe6O3sfwRnIBRf;https://i.scdn.co/image/ab67616d0000b273d0bbfea6226b5c3707de92ed;GooseBumps;25
Novacane;['Frank Ocean'];Novacane;2011-05-31;4osgfFTICMkcGbbigdsa53;https://i.scdn.co/image/ab67616d0000b27359a428dc7ef8e0c12b0fe18a;GooseBumps;26
Wicked Game;['Chris Isaak'];Heart Shaped World;1989-06-13;7w5AOd6HrDIHewHfpABEss;https://i.scdn.co/image/ab67616d0000b273b66c23534dd78ff7d3da83b8;GooseBumps;27
Body;['Don Toliver'];OCTANE;2026-01-30;0FlcmZ13DGRmscCroro9GO;https://i.scdn.co/image/ab67616d0000b27325c28f3c9fbdbab1a88dd619;GooseBumps;28
Under The Influence;['Chris Brown'];Indigo (Extended);2019-10-04;5IgjP7X4th6nMNDh4akUHb;https://i.scdn.co/image/ab67616d0000b27348f69a441c575fa5926a0831;GooseBumps;29
I Was Never There;['The Weeknd', 'Gesaffelstein'];My Dear Melancholy,;2018-03-30;1cKHdTo9u0ZymJdPGSh6nq;https://i.scdn.co/image/ab67616d0000b2731f6a2a40bb692936879db730;GooseBumps;30
Creepin' (with The Weeknd & 21 Savage);['Metro Boomin', 'The Weeknd', '21 Savage'];HEROES & VILLAINS;2022-12-02;2dHHgzDwk4BJdRwy9uXhTO;https://i.scdn.co/image/ab67616d0000b273c4fee55d7b51479627c31f89;GooseBumps;31
Needed Me;['Rihanna'];ANTI (Deluxe);2016-01-28;4pAl7FkDMNBsjykPXo91B3;https://i.scdn.co/image/ab67616d0000b2736be9bac15995f089579074de;GooseBumps;32
Or Nah (feat. The Weeknd, Wiz Khalifa & DJ Mustard) - Remix;['Ty Dolla $ign', 'The Weeknd', 'Wiz Khalifa', 'Mustard'];Or Nah (feat. The Weeknd, Wiz Khalifa & DJ Mustard) [Remix];2014-06-10;7t2bFihaDvhIrd2gn2CWJO;https://i.scdn.co/image/ab67616d0000b2731c04efd2804b16cf689de7f0;GooseBumps;33
PILLOWTALK;['ZAYN'];Mind Of Mine (Deluxe Edition);2016-03-25;0PDUDa38GO8lMxLCRc4lL1;https://i.scdn.co/image/ab67616d0000b273b4c42ba7470503094d5a1c5a;GooseBumps;34
Teenage Fever;['Drake'];More Life;2017-03-18;6n3HGiq4v35D6eFOSwqYuo;https://i.scdn.co/image/ab67616d0000b2734f0fd9dad63977146e685700;GooseBumps;35
Is There Someone Else?;['The Weeknd'];Dawn FM;2022-01-06;0mL82sxCRjrs3br407IdJh;https://i.scdn.co/image/ab67616d0000b2734ab2520c2c77a1d66b9ee21d;GooseBumps;36
Angel;['Massive Attack', 'Horace Andy'];Mezzanine;1998-01-01;7uv632EkfwYhXoqf8rhYrg;https://i.scdn.co/image/ab67616d0000b2732fcb0a3c7a66e516b11cd26e;GooseBumps;37
Girl With The Tattoo Enter.lewd;['Miguel'];All I Want Is You;2010-11-30;1eUGmzzvahJjOSWgDHuRlv;https://i.scdn.co/image/ab67616d0000b273d5a8395b0d80b8c48a5d851c;GooseBumps;38
Sativa;['Jhené Aiko', 'Swae Lee'];Trip;2017-09-22;2pg2TiYo9Rb8KeB5JjP7jS;https://i.scdn.co/image/ab67616d0000b2737ccc8005498d9f75b03333c2;GooseBumps;39
I Don’t Wanna Live Forever (Fifty Shades Darker);['ZAYN', 'Taylor Swift'];reputation Stadium Tour Surprise Song Playlist;2017-11-09;55n9yjI6qqXh5F2mYvUc2y;https://i.scdn.co/image/ab67616d0000b27363d77f99117b28af9f656918;GooseBumps;40
Until I Found You;['Stephen Sanchez'];Until I Found You;2021-09-01;0T5iIrXA4p5GsubkhuBIKV;https://i.scdn.co/image/ab67616d0000b2738792c3e96f8ab97a767c5d0c;GooseBumps;41
Often;['The Weeknd'];Beauty Behind The Madness;2015-08-28;4PhsKqMdgMEUSstTDAmMpg;https://i.scdn.co/image/ab67616d0000b2737fcead687e99583072cc217b;GooseBumps;42
Glory Box;['Portishead'];Dummy;1994-01-01;3Ty7OTBNSigGEpeW2PqcsC;https://i.scdn.co/image/ab67616d0000b273dc20397b139223620af148f6;GooseBumps;43
Freak;['Doja Cat'];Freak;2020-08-07;3aA6xB0tOilDDX17fIJ0Bl;https://i.scdn.co/image/ab67616d0000b273ce9e7a5d6ce63facaa824665;GooseBumps;44
oui;['Jeremih'];Late Nights: The Album;2015-12-04;0PJIbOdMs3bd5AT8liULMQ;https://i.scdn.co/image/ab67616d0000b273262c8e955ad5c60b1d0abf53;GooseBumps;45
House Of Balloons / Glass Table Girls;['The Weeknd'];House Of Balloons (Original);2011-03-21;2r7BPog74oaTG5shNYiUnV;https://i.scdn.co/image/ab67616d0000b273274b406a7e18acebcf743079;GooseBumps;46
Champagne Coast;['Blood Orange'];Coastal Grooves;2011-08-30;2KufM8PiQY4i52XhRL96Fd;https://i.scdn.co/image/ab67616d0000b273a790082aa893b1f841d7d545;GooseBumps;47
Intro;['The xx'];xx;2009-08-16;2usrT8QIbIk9y0NEtQwS4j;https://i.scdn.co/image/ab67616d0000b273a46d603701aa0342e8cca64e;GooseBumps;48
"Formula (From ""Euphoria: Season 1"" Soundtrack)";['Labrinth'];Euphoria (Original Score from the HBO Series);2019-10-04;6EtKlIQmGPB9SX8UjDJG5s;https://i.scdn.co/image/ab67616d0000b27389c39ba1acdf33ed7acd3867;GooseBumps;49
ALL MINE;['Brent Faiyaz'];WASTELAND;2022-07-08;3XgGQ1wjo5khvq2UImjyNF;https://i.scdn.co/image/ab67616d0000b27369f63a842ea91ca7c522593a;GooseBumps;50
God Needs The Devil;['Jonah Kagen'];God Needs The Devil;2024-05-03;3nEotpBFeXq0OJstuHzwDP;https://i.scdn.co/image/ab67616d0000b273db34ae82285e3ed2ae1c309e;GooseBumps;51
Like I Want You;['GIVĒON'];TAKE TIME;2020-03-27;6qBFSepqLCuh5tehehc1bd;https://i.scdn.co/image/ab67616d0000b27390fb297f6a608911e7aaf760;GooseBumps;52
12 to 12;['sombr'];12 to 12;2025-07-24;6MrLkXsMmHaYt680fhJUAq;https://i.scdn.co/image/ab67616d0000b2736e3665d175bd9aadb15b08b2;GooseBumps;53
i'm yours;['Isabel LaRosa'];i'm yours;2022-10-28;37vVp2sWHuuIBOSl1NswP6;https://i.scdn.co/image/ab67616d0000b273d69f41928b86ae348d9c34de;GooseBumps;54
Poison;['Brent Faiyaz'];Poison;2016-08-03;5NijSs5dAwaIybq1GaRTIe;https://i.scdn.co/image/ab67616d0000b2731a0d446b811ad07512eb19df;GooseBumps;55
Closer;['Nine Inch Nails'];The Downward Spiral (Deluxe Edition);1994-03-08;5mc6EyF1OIEOhAkD0Gg9Lc;https://i.scdn.co/image/ab67616d0000b2734078c255069c0e7a2553fa4a;GooseBumps;56
I Feel Like I'm Drowning;['Two Feet'];A 20 Something Fuck;2018-10-05;3aauaXWRgwCMoykMbI0Jq1;https://i.scdn.co/image/ab67616d0000b273fe3a12c23f04549cef0fbe84;GooseBumps;57
Agora Hills;['Doja Cat'];Scarlet;2023-09-22;7dJYggqjKo71KI9sLzqCs8;https://i.scdn.co/image/ab67616d0000b273715b72d114e80bb8515ef4b3;GooseBumps;58
Moonlight;['Kali Uchis'];Moonlight;2023-02-24;2i2gDpKKWjvnRTOZRhaPh2;https://i.scdn.co/image/ab67616d0000b273b13b4a434585f484548e42c9;GooseBumps;59
BABYDOLL;['Ari Abdul'];BABYDOLL;2022-02-22;5rPNVwYjVEgkq6YNPki4Zc;https://i.scdn.co/image/ab67616d0000b2735ef2703ce223d63435928571;GooseBumps;60
SAD GIRLZ LUV MONEY Remix (feat. Kali Uchis and Moliy);['Amaarae', 'Kali Uchis', 'MOLIY'];SAD GIRLZ LUV MONEY Remix (feat. Kali Uchis and Moliy);2021-09-16;09gysnJpfQ3ublBmJDfcEC;https://i.scdn.co/image/ab67616d0000b2739ce3288ac26035edf4351154;GooseBumps;61
older;['Isabel LaRosa'];older;2023-09-15;75c2zaSdDBSX0A8Jyvm4fO;https://i.scdn.co/image/ab67616d0000b273d6c9bdfb73fdb90a26c94b7a;GooseBumps;62
Sail;['AWOLNATION'];Megalithic Symphony;2011-03-15;7ueP5u2qkdZbIPN2YA6LR0;https://i.scdn.co/image/ab67616d0000b27332f1572738340ddc9569c54b;GooseBumps;63
Cherry;['Lana Del Rey'];Lust For Life;2017-07-21;1Ym6aMuT5bliaZMC67AmPp;https://i.scdn.co/image/ab67616d0000b27395e2fd1accb339fa14878190;GooseBumps;64
P*RNSTAR;['Nessa Barrett'];AFTERCARE;2024-11-15;0IVAYMUDvpzFxIEuGc71SM;https://i.scdn.co/image/ab67616d0000b2734f3e6fd210d493b084c8879d;GooseBumps;65
Después de ti;['KAROL G', 'Greg Gonzalez'];Después de ti;2026-04-23;6PbhFQkpQjoojWo2b6Ghoi;https://i.scdn.co/image/ab67616d0000b2736c1be5200d48a960457889ed;GooseBumps;66
"Still Don't Know My Name (From ""Euphoria: Season 1"" Soundtrack)";['Labrinth'];Euphoria (Original Score from the HBO Series);2019-10-04;6N22FZs2ZhPBYi3b9XPajV;https://i.scdn.co/image/ab67616d0000b27389c39ba1acdf33ed7acd3867;GooseBumps;67
eyes don't lie;['Isabel LaRosa'];eyes don't lie;2023-07-07;2GWCZJWundoYi5IloWIgTX;https://i.scdn.co/image/ab67616d0000b273efc98155cf420a04095b59b2;GooseBumps;68
Champagne & Sunshine;['PLVTINUM', 'Tarro'];Champagne & Sunshine;2016-11-18;77U6kcldLRFl9vCfaw11Sr;https://i.scdn.co/image/ab67616d0000b273325a1b70f3e6e46412b1c985;GooseBumps;69
Collide (feat. Tyga);['Justine Skye', 'Tyga'];Collide (feat. Tyga);2014-08-25;22I3h5AOENlH4CqXJsEbFR;https://i.scdn.co/image/ab67616d0000b273adadb86bf3555eb27a383c76;GooseBumps;70
Soaked;['Shy Smith'];Soaked;2021-11-24;65zIby9Z03d1bhGvLNJNrA;https://i.scdn.co/image/ab67616d0000b273fd0ca58960f1b139bc01d7c8;GooseBumps;71
I Didn't Change My Number;['Billie Eilish'];Happier Than Ever;2021-07-30;7bcy34fBT2ap1L4bfPsl9q;https://i.scdn.co/image/ab67616d0000b2732a038d3bf875d23e4aeaa84e;GooseBumps;72
LET THE WORLD BURN (with G-Eazy & Ari Abdul) - Remix;['Chris Grey', 'G-Eazy', 'Ari Abdul'];LET THE WORLD BURN (with G-Eazy & Ari Abdul) [Remix];2024-11-08;5wNDRMkoysXZGiW4ja5Tik;https://i.scdn.co/image/ab67616d0000b273b37e073c92cf6afbdb83c597;GooseBumps;73
So High;['Doja Cat'];Purrr!;2014-08-05;1yvSMyZn27M4wEslpSvB0D;https://i.scdn.co/image/ab67616d0000b273de5205ea928d5dc91feee2f9;GooseBumps;74
Favorite;['Isabel LaRosa'];Favorite;2024-03-29;3QJsSWa0Xo8MfaRn1gr4Be;https://i.scdn.co/image/ab67616d0000b273c055ed2d667f03ae6b35bdc2;GooseBumps;75
On My Own;['Darci'];On My Own;2018-05-09;0F4FejjWi3bf5vGOkuQwPS;https://i.scdn.co/image/ab67616d0000b273fc59a3ce4e5cc4946d197293;GooseBumps;76
southbound;['Artemas'];southbound / test drive;2025-03-19;4jiwz2tQZo21Z4NQwz4zUt;https://i.scdn.co/image/ab67616d0000b27312a9043a77d1776338be5f27;GooseBumps;77
Come Home;['Jace June'];Come Home;2025-03-26;4Hs0dbbWphP4ILaGaV9dYb;https://i.scdn.co/image/ab67616d0000b27320ed94a0be7065c44c37291d;GooseBumps;78
Frozen;['Madonna', 'Sickick'];Frozen;2021-12-03;6lknMmJZALXxx7emwwZWLX;https://i.scdn.co/image/ab67616d0000b273e56e182fe6309bddd1dc5852;GooseBumps;79
Truth or Dare;['Tyla'];TYLA;2023-12-01;1whAXVGN8AdfrnoXNIXfJf;https://i.scdn.co/image/ab67616d0000b273cc9e6203ed1182fe83b98985;GooseBumps;80
Let It Snow! Let It Snow! Let It Snow!;['Dean Martin'];A Winter Romance;1959-01-01;2uFaJJtFpPDc5Pa95XzTvg;https://i.scdn.co/image/ab67616d0000b2736d88028a85c771f37374c8ea;ChristmasClassics;1
Jingle Bell Rock;['Bobby Helms'];Jingle Bell Rock/Captain Santa Claus (And His Reindeer Space Patrol);1957-12-02;7vQbuQcyTflfCIOu3Uzzya;https://i.scdn.co/image/ab67616d0000b273fd56f3c7a294f5cfe51c7b17;ChristmasClassics;2
Christmas (Baby Please Come Home);['Darlene Love'];A Christmas Gift For You From Phil Spector;1963-01-01;46pF1zFimM582ss1PrMy68;https://i.scdn.co/image/ab67616d0000b2730899a5627109fbfd913f1727;ChristmasClassics;3
Rockin' Around The Christmas Tree;['Brenda Lee'];Merry Christmas From Brenda Lee;1964-10-19;2EjXfH91m7f8HiJN1yQg97;https://i.scdn.co/image/ab67616d0000b2737845f74d6db14b400fa61cd3;ChristmasClassics;4
The Christmas Song (Merry Christmas To You);['Nat King Cole'];The Christmas Song (Expanded Edition);2018-09-21;4PS1e8f2LvuTFgUs1Cn3ON;https://i.scdn.co/image/ab67616d0000b27330dc6027fd140c7ba68e900c;ChristmasClassics;5
Sleigh Ride;['The Ronettes'];A Christmas Gift For You From Phil Spector;1963-01-01;5ASM6Qjiav2xPe7gRkQMsQ;https://i.scdn.co/image/ab67616d0000b2730899a5627109fbfd913f1727;ChristmasClassics;6
It's the Most Wonderful Time of the Year;['Andy Williams'];The Andy Williams Christmas Album;1963-11-24;5hslUAKq9I9CG2bAulFkHN;https://i.scdn.co/image/ab67616d0000b273bc5b8079eaec602335cc6e5d;ChristmasClassics;7
Feliz Navidad;['José Feliciano'];Feliz Navidad;2002-09-24;0oPdaY4dXtc3ZsaG17V972;https://i.scdn.co/image/ab67616d0000b273ddf52275ffabcc1151c65cae;ChristmasClassics;8
I Want a Hippopotamus for Christmas (Hippo the Hero);['Gayla Peevey'];I Want a Hippopotamus for Christmas (Hippo the Hero);1953-11-11;5P8Xvy5tzhmfyfA6GplQ8h;https://i.scdn.co/image/ab67616d0000b27315757bbb97b673b118e23871;ChristmasClassics;9
Run Rudolph Run;['Chuck Berry'];Rockin' Little Christmas;1990-10-02;30WHma5z5Sty54jbtoxYEy;https://i.scdn.co/image/ab67616d0000b273fb742270db0b4e6b6b164c4c;ChristmasClassics;10
Deck The Hall;['Nat King Cole'];The Christmas Song (Expanded Edition);2018-09-21;0rHToGels2lt8Y0mCYoF90;https://i.scdn.co/image/ab67616d0000b27330dc6027fd140c7ba68e900c;ChristmasClassics;11
White Christmas - 1947 Version;['Bing Crosby', 'Ken Darby Singers', 'John Scott Trotter & His Orchestra'];Holiday Inn (Original Motion Picture Soundtrack);1942-01-01;4so0Wek9Ig1p6CRCHuINwW;https://i.scdn.co/image/ab67616d0000b2735e8ed9b5848e7139dc087c48;ChristmasClassics;12
You're A Mean One, Mr. Grinch;['Thurl Ravenscroft'];Dr. Seuss' How The Grinch Stole Christmas!;2012-10-09;6TnjaL02usP9dwCGzdk5GS;https://i.scdn.co/image/ab67616d0000b27341271af47a2db3984809ec34;ChristmasClassics;13
Santa Baby;['Eartha Kitt'];The Essential Eartha Kitt;2011-03-15;1vZKP9XURuqMp1SpXGnoyb;https://i.scdn.co/image/ab67616d0000b2737c78b57a88c7c109176bc999;ChristmasClassics;14
Santa Claus Is Coming To Town;['Frank Sinatra'];Ultimate Christmas;2017-10-06;6syO6UTl8QiiWADJy3Uy2d;https://i.scdn.co/image/ab67616d0000b273292a3767391b5767f95e708f;ChristmasClassics;15
Blue Christmas;['Elvis Presley'];Elvis' Christmas Album;1957-10-15;3QiAAp20rPC3dcAtKtMaqQ;https://i.scdn.co/image/ab67616d0000b273a2a6d54759001ebdfe9a37a1;ChristmasClassics;16
A Holly Jolly Christmas;['Burl Ives'];Have A Holly Jolly Christmas;1965-10-01;77khP2fIVhSW23NwxrRluh;https://i.scdn.co/image/ab67616d0000b273efe2a536761d4f8e8401ae62;ChristmasClassics;17
Please Come Home for Christmas - 2013 Remaster;['Eagles'];Please Come Home for Christmas / Funky New Year (2013 Remaster);1978-11-27;3QIoEi8Enr9uHffwInGIsC;https://i.scdn.co/image/ab67616d0000b2736d4362a2b2e39422000f8ed3;ChristmasClassics;18
It's Beginning to Look a Lot Like Christmas (with Mitchell Ayres & His Orchestra);['Perry Como', 'The Fontane Sisters', 'Mitchell Ayres & His Orchestra'];Greatest Christmas Songs;1999-08-23;2pXpURmn6zC5ZYDMms6fwa;https://i.scdn.co/image/ab67616d0000b273d5f598be32d3027b9578ecd6;ChristmasClassics;19
Have Yourself A Merry Little Christmas;['Judy Garland'];Meet Me In St. Louis;1944-01-01;030mot3ZKR3oskfMsqDB2R;https://i.scdn.co/image/ab67616d0000b2737a4455634c11f5b75d6e2999;ChristmasClassics;20
Rudolph The Red-Nosed Reindeer;['Burl Ives'];Have A Holly Jolly Christmas;1965-10-01;47otoIkhx3fkdivEXL5OB6;https://i.scdn.co/image/ab67616d0000b273efe2a536761d4f8e8401ae62;ChristmasClassics;21
Little Saint Nick;['The Beach Boys'];Christmas With The Beach Boys;2004-01-01;75dfH68JDisE8dDaD4KlVY;https://i.scdn.co/image/ab67616d0000b273cbd4dfface5a8154e471e229;ChristmasClassics;22
Jingle Bells - Remastered 1999;['Frank Sinatra'];A Jolly Christmas From Frank Sinatra;1957-09-01;4HEOgBHRCExyYVeTyrXsnL;https://i.scdn.co/image/ab67616d0000b27394fd2e614d0862bdd2592594;ChristmasClassics;23
Christmas Time Is Here;['Vince Guaraldi Trio'];Charlie Brown Holiday Hits;1998-01-01;3bMfUUpzUzqWp9II00yRhE;https://i.scdn.co/image/ab67616d0000b273a1c6bc83f5404947ffb87891;ChristmasClassics;24
Here Comes Santa Claus (Right Down Santa Claus Lane) - 1947 Version;['Gene Autry'];Rudolph The Red Nosed Reindeer And Other Christmas Classics;1947-01-01;25leEEaz1gIpp7o21Fqyjo;https://i.scdn.co/image/ab67616d0000b27361b80b3738446f5eedc3610d;ChristmasClassics;25
Mele Kalikimaka (Merry Christmas);['Bing Crosby', 'The Andrews Sisters'];White Christmas;1945-01-01;04vLj9QUXoKdRlsp3gkURo;https://i.scdn.co/image/ab67616d0000b2738004cd6b343732b0e1e666f5;ChristmasClassics;26
Winter Wonderland;['Darlene Love'];A Christmas Gift For You From Phil Spector;1963-01-01;12YAgUbl6Uk9E7fzopF4Ji;https://i.scdn.co/image/ab67616d0000b2730899a5627109fbfd913f1727;ChristmasClassics;27
This Christmas;['Donny Hathaway'];A Donny Hathaway Collection;2007-01-29;38xhBO2AKrJnjdjVnhJES6;https://i.scdn.co/image/ab67616d0000b273d5963216e0078f6616715c9a;ChristmasClassics;28
God Rest Ye Merry Gentlemen;['Bing Crosby'];White Christmas;2010-01-01;1qLOhifWdJuFo5tClf7fWP;https://i.scdn.co/image/ab67616d0000b273873d1337eb34d320c7c71ca7;ChristmasClassics;29
Linus And Lucy;['Vince Guaraldi Trio'];A Charlie Brown Christmas [2012 Remastered & Expanded Edition];1965-01-01;0MmNrhvLcoWjo7AOr0vgka;https://i.scdn.co/image/ab67616d0000b27332b0f9b1e5ee30df7a91cec3;ChristmasClassics;30
Cool Yule;['Louis Armstrong', 'The Commanders'];The Decca Singles 1949-1958;2016-01-01;2QWKbE6GpWhRtlbRwcP7g8;https://i.scdn.co/image/ab67616d0000b273e9de8f0a84e44c32d748d3eb;ChristmasClassics;31
A Marshmallow World;['Darlene Love'];A Christmas Gift For You From Phil Spector;1963-01-01;7GNsHkiYPcQQjvhTiILFUL;https://i.scdn.co/image/ab67616d0000b2730899a5627109fbfd913f1727;ChristmasClassics;32
(Everybody's Waitin' For) The Man With The Bag;['Kay Starr'];A Capitol Christmas;2016-09-23;7azp0ySqPkkXHi9M9aeg3T;https://i.scdn.co/image/ab67616d0000b273fd5194116530b88579c63eb3;ChristmasClassics;33
Frosty the Snowman;['The Ronettes'];A Christmas Gift For You From Phil Spector;1963-01-01;7n5m8nDAnyXo81tr4B3Bcw;https://i.scdn.co/image/ab67616d0000b2730899a5627109fbfd913f1727;ChristmasClassics;34
Caroling, Caroling;['Nat King Cole'];The Christmas Song (Expanded Edition);2018-09-21;11Z7sdkpC5IaaydoIvDn74;https://i.scdn.co/image/ab67616d0000b27330dc6027fd140c7ba68e900c;ChristmasClassics;35
Do You Hear What I Hear? - Remastered 2006;['Bing Crosby'];Bing Crosby - Christmas Classics;2006-01-01;5aDoUmxBsbdpS16alksb5Z;https://i.scdn.co/image/ab67616d0000b2737459a0913548d00ff4455259;ChristmasClassics;36
Happy Holiday / The Holiday Season;['Andy Williams'];The Andy Williams Christmas Album;1963-11-24;3sDdyBHQ60Cs1opmIyRvhp;https://i.scdn.co/image/ab67616d0000b273bc5b8079eaec602335cc6e5d;ChristmasClassics;37
Merry Christmas Darling - Remix;['Carpenters'];Christmas Portrait (Special Edition/Reissue);1978-10-13;0z5HSQGWgnjdNvwbOmhB2w;https://i.scdn.co/image/ab67616d0000b273d044360064a0177e4208a870;ChristmasClassics;38
Silver Bells;['Bing Crosby', 'Carol Richards'];White Christmas;1945-01-01;7ehhnVu3JUWMaSJzY1zC4k;https://i.scdn.co/image/ab67616d0000b2738004cd6b343732b0e1e666f5;ChristmasClassics;39
I'm Gonna Be Warm This Winter;['Connie Francis'];Christmas In My Heart (Expanded Edition);1959-11-01;3NxBGMa93ZWDuufUtH9HqJ;https://i.scdn.co/image/ab67616d0000b273e3d3798a252b4319d5cfeca2;ChristmasClassics;40
(There's No Place Like) Home for the Holidays - 1959 Version;['Perry Como'];A Perry Como Christmas;2001-05-21;2GapxG7BxK55ihQRAlR39e;https://i.scdn.co/image/ab67616d0000b2736ed9765f98830156f0723715;ChristmasClassics;41
O Tannenbaum;['Vince Guaraldi Trio'];A Charlie Brown Christmas (Remastered & Expanded Edition);1965-01-01;1AuqctepNkbMGhlysf9VqX;https://i.scdn.co/image/ab67616d0000b273705d534fa38e41a32668fdd9;ChristmasClassics;42
I've Got My Love To Keep Me Warm;['Ella Fitzgerald', 'Louis Armstrong'];Ella & Louis Christmas;2016-11-25;1KIJSvzRZzo8ehDTPOXKru;https://i.scdn.co/image/ab67616d0000b273719191086876ae09b5db54c8;ChristmasClassics;43
O Come All Ye Faithful;['Nat King Cole'];The Christmas Song (Expanded Edition);2018-09-21;0H1zX27yxoDrsrQA1hk5Uq;https://i.scdn.co/image/ab67616d0000b27330dc6027fd140c7ba68e900c;ChristmasClassics;44
My Favourite Things;['Tony Bennett'];Snowfall: The Tony Bennett Christmas Album;1968-10-06;7qLTpTd1Txpo8Vd84yci7u;https://i.scdn.co/image/ab67616d0000b273d41ef52554079288ae92c4d1;ChristmasClassics;45
The First Noël;['Andy Williams'];The Andy Williams Christmas Album;1963-11-24;1DvjCIefxg1YsdG3ETROph;https://i.scdn.co/image/ab67616d0000b273bc5b8079eaec602335cc6e5d;ChristmasClassics;46
The Little Drummer Boy - Remastered 2006;['Bing Crosby'];Bing Crosby - Christmas Classics;2006-01-01;0pAT3JUEjIiqUkwxE0vbBQ;https://i.scdn.co/image/ab67616d0000b2737459a0913548d00ff4455259;ChristmasClassics;47
Mary's Boy Child;['Harry Belafonte'];All Time Greatest Hits Volume 1;1978-01-01;0vAY3znAxML1nTPXlYHO92;https://i.scdn.co/image/ab67616d0000b2739195b8ad5c9f6b976c91d57f;ChristmasClassics;48
O Little Town of Bethlehem;['Elvis Presley'];Elvis' Christmas Album;1957-10-15;6Ai7PiAjnb4eIiC05By0i4;https://i.scdn.co/image/ab67616d0000b273a2a6d54759001ebdfe9a37a1;ChristmasClassics;49
Baby, It's Cold Outside;['Dean Martin'];A Winter Romance;1959-01-01;4MrfQL4TYQXJBlZYpAHTuE;https://i.scdn.co/image/ab67616d0000b2736d88028a85c771f37374c8ea;ChristmasClassics;50
I'll Be Home For Christmas;['Bing Crosby'];White Christmas;2010-01-01;3tTpegNWYZFhkymRT2xhgF;https://i.scdn.co/image/ab67616d0000b273873d1337eb34d320c7c71ca7;ChristmasClassics;51
Joy To The World;['Nat King Cole'];Christmas With Nat, Dean And Bing;1994-01-01;5jjsm4Jjq8xjDaue3rW9Go;https://i.scdn.co/image/ab67616d0000b273969c862bfc35d970690f3557;ChristmasClassics;52
Mistletoe And Holly;['Frank Sinatra'];Christmas;2013-09-17;53cumdNGYE6NFmGL0zHvx7;https://i.scdn.co/image/ab67616d0000b273b037583e1b1a897ec49488a1;ChristmasClassics;53
Pretty Paper;['Roy Orbison'];The Essential Roy Orbison;2006-03-28;1dXcUx5gQ8rkHctSsRnZuH;https://i.scdn.co/image/ab67616d0000b2734516a5d74bac51f3afcba85a;ChristmasClassics;54
Silent Night;['Carpenters'];Christmas Portrait (Special Edition);1978-01-01;0i7lZhEMEheehKyCtBJIIL;https://i.scdn.co/image/ab67616d0000b27304edd79f0dbc4998377aec62;ChristmasClassics;55
What Are You Doing New Year's Eve?;['Ella Fitzgerald'];Ella Wishes You A Swinging Christmas (Expanded Edition);1960-01-01;19NdiithlwC8EfytiHVk7a;https://i.scdn.co/image/ab67616d0000b27356849c42c652a7e4025fd6eb;ChristmasClassics;56
Adeste Fideles;['Bing Crosby'];White Christmas;1945-01-01;04DYwFIKeq2Bkn9aqSI9PC;https://i.scdn.co/image/ab67616d0000b2738004cd6b343732b0e1e666f5;ChristmasClassics;57
Here We Come a-Caroling / We Wish You a Merry Christmas;['Perry Como'];A Perry Como Christmas;2001-05-21;1Kcy7qSbf6un30zIkxGVew;https://i.scdn.co/image/ab67616d0000b2736ed9765f98830156f0723715;ChristmasClassics;58
O Christmas Tree (feat. Count Basie Big Band);['Tony Bennett', 'Count Basie Big Band'];A Swingin' Christmas (feat. Count Basie Big Band);2008-10-14;2VsCE6ui7N4IRzGIGT7Di8;https://i.scdn.co/image/ab67616d0000b27387bb493eac820ddff7ad52d6;ChristmasClassics;59
I Saw Mommy Kissing Santa Claus;['The Jackson 5'];Jackson Five Christmas Album;1970-01-01;0vmANNClszGQZ0FISySK61;https://i.scdn.co/image/ab67616d0000b2738fe161ba4859b25909bcc24a;ChristmasClassics;60
What Child Is This/The Holly And The Ivy - Medley / Remastered 2006;['Bing Crosby'];Bing Crosby - Christmas Classics;2006-01-01;6OJdXv1Q5OdLgYolFEunJ4;https://i.scdn.co/image/ab67616d0000b2737459a0913548d00ff4455259;ChristmasClassics;61
All I Want For Christmas (Is My Two Front Teeth);['Nat King Cole Trio'];Christmas Classics;2004-01-01;4xXMJbzVQSCyprr4PG5sBj;https://i.scdn.co/image/ab67616d0000b2733cfd1fac52d769813ef4ce7b;ChristmasClassics;62
The Christmas Waltz - Remastered 1999;['Frank Sinatra'];A Jolly Christmas From Frank Sinatra;1957-09-01;6G7QhTqDsP5vIdLQTYXXOU;https://i.scdn.co/image/ab67616d0000b27394fd2e614d0862bdd2592594;ChristmasClassics;63
'Zat You, Santa Claus? - Single Version;['Louis Armstrong', 'The Commanders'];Ella & Louis Christmas;2016-11-25;0SD2UtunDGrX7OIElVr87B;https://i.scdn.co/image/ab67616d0000b273719191086876ae09b5db54c8;ChristmasClassics;64
Twelve Days Of Christmas - Single Version;['Bing Crosby', 'The Andrews Sisters'];Christmas;1987-01-01;4Zo33RKIwOIiVsZZtXsKU4;https://i.scdn.co/image/ab67616d0000b2738c05123899a764673794fe3f;ChristmasClassics;65
Hark! The Herald Angels Sing/It Came Upon A Midnight Clear - Medley / Remastered 2006;['Bing Crosby'];Bing Crosby - Christmas Classics;2006-01-01;4BgkhT5HythXhIBqU2WvhX;https://i.scdn.co/image/ab67616d0000b2737459a0913548d00ff4455259;ChristmasClassics;66
O Holy Night;['Etta James'];Twelve Songs Of Christmas;1998-10-09;2aQkTUbJUHk3F6nMipZLbz;https://i.scdn.co/image/ab67616d0000b27387c3bf3d1a71da5f9f8097be;ChristmasClassics;67
The Nutcracker, Op. 71, TH 14, Act II: No. 14c, Var. II. Dance of the Sugar-Plum Fairy;['Pyotr Ilyich Tchaikovsky', 'Russian National Orchestra', 'Mikhail Pletnev'];Tchaikovsky: The Nutcracker, Op. 71, TH 14;2011-09-06;3C4JNyv2NAT72xm0cDKl0v;https://i.scdn.co/image/ab67616d0000b273783b14b3d7e92f0685b58bdc;ChristmasClassics;68
Ojitos Lindos;['Bad Bunny', 'Bomba Estéreo'];Un Verano Sin Ti;2022-05-06;3k3NWokhRRkEPhCzPmV8TW;https://i.scdn.co/image/ab67616d0000b27349d694203245f241a1bcaa72;BombaEsteroRadio;1
To My Love - Tainy Remix;['Bomba Estéreo', 'Tainy'];Amanecer (Remixed);2016-12-16;5LciLoxa1gK70yIUeoHgRx;https://i.scdn.co/image/ab67616d0000b2735015bce7137019d8084bea30;BombaEsteroRadio;2
orióN;['Boza', 'ELENA ROSE'];SAN BLAS;2025-04-23;4feh4Ak3ZJfC6ibxkNzlkE;https://i.scdn.co/image/ab67616d0000b273569b422cabf0dff20561a6f6;BombaEsteroRadio;3
Fuera del mercado;['Danny Ocean'];@dannocean;2022-02-17;1UdzJEpgJxtuXAlCOvD4S0;https://i.scdn.co/image/ab67616d0000b27383a5cf876497c823696748be;BombaEsteroRadio;4
Algo Está Cambiando;['Bomba Estéreo'];Amanecer;2015-06-02;5dLz5CRzW8RcNEptn0NtOi;https://i.scdn.co/image/ab67616d0000b273a5b1ec7837ccce7aed577c6e;BombaEsteroRadio;5
Si Antes Te Hubiera Conocido;['KAROL G'];Tropicoqueta;2025-06-20;73scB4Q4fcOmnsBVZPmk32;https://i.scdn.co/image/ab67616d0000b2736c0294796e2ee5cf87a47b5f;BombaEsteroRadio;6
Regalo;['Caloncho', 'Bomba Estéreo'];Buen Pez (Deluz);2022-12-09;3MXOxopceDsYngMsEpYBkN;https://i.scdn.co/image/ab67616d0000b2738877c1e3af08e919e8d64166;BombaEsteroRadio;7
LALA;['Myke Towers'];LA VIDA ES UNA;2023-03-23;7ABLbnD53cQK00mhcaOUVG;https://i.scdn.co/image/ab67616d0000b273d646ace05ec913ac690a00c3;BombaEsteroRadio;8
Bailar Contigo;['Monsieur Periné'];Encanto Tropical;2018-05-18;4hi9OTFKomNUlAIhp1fmap;https://i.scdn.co/image/ab67616d0000b2732659c95d9243bbfbce8ba703;BombaEsteroRadio;9
LA CANCIÓN;['J Balvin', 'Bad Bunny'];OASIS;2019-06-28;0fea68AdmYNygeTGI4RC18;https://i.scdn.co/image/ab67616d0000b2734891d9b25d8919448388f3bb;BombaEsteroRadio;10
Lento;['Bomba Estéreo'];Deja;2021-09-10;7heLhhMaRQc0gVG1Go5EAH;https://i.scdn.co/image/ab67616d0000b2739c9233e77e1b5555165a400a;BombaEsteroRadio;11
Tacones Rojos;['Sebastian Yatra'];Dharma;2022-01-28;6ylDpki1VpIsc525KC1ojF;https://i.scdn.co/image/ab67616d0000b2739f6800546cfaaacb3fa4b145;BombaEsteroRadio;12
Andrea;['Bad Bunny', 'Buscabulla'];Un Verano Sin Ti;2022-05-06;44XjoNvtwevktFKjvVe1vH;https://i.scdn.co/image/ab67616d0000b27349d694203245f241a1bcaa72;BombaEsteroRadio;13
Mon Amour - Remix;['zzoilo', 'Aitana'];Mon Amour (Remix);2021-08-18;5TMLavqGRKNxgzMBrVpC9R;https://i.scdn.co/image/ab67616d0000b273545c930fa9fada545b01f71d;BombaEsteroRadio;14
Me Rehúso;['Danny Ocean'];54+1;2019-03-22;6ifUES3keWjwXgae8pXI3o;https://i.scdn.co/image/ab67616d0000b273d8243a13e6f41310a5fa7b96;BombaEsteroRadio;15
Me Duele;['Bomba Estéreo', 'Manu Chao'];Me Duele;2022-09-14;2jG2P21A1c45YU0Z1euaNB;https://i.scdn.co/image/ab67616d0000b27318809a9f5373586cd4541ebd;BombaEsteroRadio;16
Mónaco;['LAGOS', 'Danny Ocean'];Clásicos;2021-05-28;3HgvO4B5LLmdPOT2d8cSZd;https://i.scdn.co/image/ab67616d0000b2734603462dd193f76ab1f98218;BombaEsteroRadio;17
PROVENZA;['KAROL G'];MAÑANA SERÁ BONITO;2023-02-24;3HqcNJdZ2seoGxhn0wVNDK;https://i.scdn.co/image/ab67616d0000b27382de1ca074ae63cb18fce335;BombaEsteroRadio;18
San Bá;['Vicente Garcia'];Candela;2019-05-24;1SZmIlruJaumMmS2CzTdDE;https://i.scdn.co/image/ab67616d0000b273d1628408ea3dd474e25b535c;BombaEsteroRadio;19
Hecha Pa' Mi;['Boza'];Más Negro Que Rojo;2020-07-31;3VvA1wSxukMLsvXoXtlwWx;https://i.scdn.co/image/ab67616d0000b2735921096535733d90092393b6;BombaEsteroRadio;20
Vive Bacano;['Bomba Estéreo'];Vive Bacano;2020-01-01;4v6wc8OyLo5ZEC3YOOCMWO;https://i.scdn.co/image/ab67616d0000b2739468210b6b8ccb744df21d81;BombaEsteroRadio;21
Aloha;['Carlos Sadness', 'Bomba Estéreo'];Tropical Jesus;2020-06-19;3V3H0j55mS4OgXiOT7vpmR;https://i.scdn.co/image/ab67616d0000b273e53bbcfc982d092624d7f124;BombaEsteroRadio;22
Chica Ideal;['Sebastian Yatra', 'Guaynaa'];Dharma;2022-01-28;4lCpamtFAIUga83gTKP8RY;https://i.scdn.co/image/ab67616d0000b2739f6800546cfaaacb3fa4b145;BombaEsteroRadio;23
WELTiTA;['Bad Bunny', 'Chuwi'];DeBÍ TiRAR MáS FOToS;2025-01-05;5WEF0icHWmAZBBMglBd599;https://i.scdn.co/image/ab67616d0000b273bbd45c8d36e0e045ef640411;BombaEsteroRadio;24
Dembow;['Danny Ocean'];54+1;2019-03-22;30LBoQSk8gjcN0hWCWtdbF;https://i.scdn.co/image/ab67616d0000b273d8243a13e6f41310a5fa7b96;BombaEsteroRadio;25
Shakira: Bzrp Music Sessions, Vol. 53/66;['Bizarrap', 'Shakira'];Shakira: Bzrp Music Sessions, Vol. 53/66;2023-01-11;4nrPB8O7Y7wsOCJdgXkthe;https://i.scdn.co/image/ab67616d0000b273fdecba1ff443653b79ebb189;BombaEsteroRadio;26
Somos Dos;['Bomba Estéreo'];Amanecer;2015-06-02;35u3Isd3DuXKAEC7JCC0lB;https://i.scdn.co/image/ab67616d0000b273a5b1ec7837ccce7aed577c6e;BombaEsteroRadio;27
MIENTRAS ME CURO DEL CORA;['KAROL G'];MAÑANA SERÁ BONITO;2023-02-24;6otePxalBK8AVa20xhZYVQ;https://i.scdn.co/image/ab67616d0000b27382de1ca074ae63cb18fce335;BombaEsteroRadio;28
COSITA LINDA;['ELENA ROSE', 'Justin Quiles'];Bendito Verano;2025-10-23;6tNGSjIgbSp3B2LOWumkJ0;https://i.scdn.co/image/ab67616d0000b27353115ce7e31e24692020c381;BombaEsteroRadio;29
Y Qué;['Martox', 'Lena Dardelet'];Y Qué;2024-02-21;1Dd6CuCiuoTj0eiBnGnx4X;https://i.scdn.co/image/ab67616d0000b273aada9f071eb7bb5cb8f47b81;BombaEsteroRadio;30
Amar Así;['Bomba Estéreo'];Ayo;2017-08-11;4e6eL4Iv54MzHC6Ce9lL5C;https://i.scdn.co/image/ab67616d0000b273179566a16383a9d043bfe126;BombaEsteroRadio;31
Soltera;['Shakira'];Soltera;2024-09-25;3OJDtCdYs8QJnui708tEU3;https://i.scdn.co/image/ab67616d0000b273ab3c4257d46b6350454c2f4b;BombaEsteroRadio;32
Te Vi;['Piso 21', 'Micro TDH'];Te Vi;2018-12-14;059bcIhyc2SBwm6sw2AZzd;https://i.scdn.co/image/ab67616d0000b273244a592f4a0fc01b2446e797;BombaEsteroRadio;33
Columbia;['Quevedo'];Columbia;2023-07-07;6XbtvPmIpyCbjuT0e8cQtp;https://i.scdn.co/image/ab67616d0000b273acbcd04fa4069f14741477ee;BombaEsteroRadio;34
Moscow Mule;['Bad Bunny'];Un Verano Sin Ti;2022-05-06;6Xom58OOXk2SoU711L2IXO;https://i.scdn.co/image/ab67616d0000b27349d694203245f241a1bcaa72;BombaEsteroRadio;35
Mar (Lo Que Siento);['Bomba Estéreo'];Amanecer;2015-06-02;2K1meYaIxerapOrEief7JH;https://i.scdn.co/image/ab67616d0000b273a5b1ec7837ccce7aed577c6e;BombaEsteroRadio;36
Quevedo: Bzrp Music Sessions, Vol. 52/66;['Bizarrap', 'Quevedo'];Quevedo: Bzrp Music Sessions, Vol. 52/66;2022-07-06;2tTmW7RDtMQtBk7m2rYeSw;https://i.scdn.co/image/ab67616d0000b273946f1ea32cc7681e7a86e9ca;BombaEsteroRadio;37
Volare;['Danny Ocean'];@dannocean;2022-11-10;7nE9H4e4uPOis5sJY39fOc;https://i.scdn.co/image/ab67616d0000b273219973bcf027114a95e7996b;BombaEsteroRadio;38
Tusa;['KAROL G', 'Nicki Minaj'];KG0516;2021-03-26;0dKg2vGC1hFqcK5LGTaKzX;https://i.scdn.co/image/ab67616d0000b273ae28c8f2748587cc2a33d6c2;BombaEsteroRadio;39
Me Lo Merezco;['ELENA ROSE'];Me Lo Merezco;2024-03-22;0vXKNdPKnNqojeHM696Q88;https://i.scdn.co/image/ab67616d0000b27352008f3b8d71a07ca9616e2a;BombaEsteroRadio;40
El Alma y el Cuerpo;['Bomba Estéreo'];Elegancia Tropical;2012-09-04;7MDDDHUb7hQauB4zUUBGNe;https://i.scdn.co/image/ab67616d0000b27370709f3521a7790e0ed1bd6b;BombaEsteroRadio;41
Loco;['Justin Quiles', 'Chimbala', 'Zion & Lennox'];La Última Promesa;2021-08-19;6b2HYgqcK9mvktt4GxAu72;https://i.scdn.co/image/ab67616d0000b2730ccd4f1d832d8339345efcb6;BombaEsteroRadio;42
Pareja Del Año;['Sebastian Yatra', 'Myke Towers'];Dharma;2022-01-28;655JkvIwu2rDCaD1hPf04g;https://i.scdn.co/image/ab67616d0000b2739f6800546cfaaacb3fa4b145;BombaEsteroRadio;43
Tú Me Dejaste De Querer;['C. Tangana', 'Niño de Elche', 'La Húngara'];El Madrileño;2021-02-26;5ddFjrPG8NgQQ6xlOQIVd2;https://i.scdn.co/image/ab67616d0000b273d8ec0490534e13599f4c2a46;BombaEsteroRadio;44
Qué Más Pues?;['J Balvin', 'Maria Becerra'];JOSE;2021-09-10;6D2TCm4nf5nxAcdGJ7w3QP;https://i.scdn.co/image/ab67616d0000b273922a7339d969b5f0262580f5;BombaEsteroRadio;45
Como Lo Pedí;['Bomba Estéreo', 'Leonel García'];Deja;2021-09-10;0dilU0GG83rIpX8dXXz9Tz;https://i.scdn.co/image/ab67616d0000b2739c9233e77e1b5555165a400a;BombaEsteroRadio;46
Yonaguni;['Bad Bunny'];Yonaguni;2021-06-04;2JPLbjOn0wPCngEot2STUS;https://i.scdn.co/image/ab67616d0000b27364afd6879102d03460bd3ad9;BombaEsteroRadio;47
Swing;['Danny Ocean'];54+1;2019-03-22;4DbhxwlkhTbCTqlZptxmI6;https://i.scdn.co/image/ab67616d0000b273d8243a13e6f41310a5fa7b96;BombaEsteroRadio;48
Tan Bonita;['Piso 21'];El Amor En Los Tiempos Del Perreo;2021-03-18;6mm3K0yWp6uzfOMuipM9Zh;https://i.scdn.co/image/ab67616d0000b273631fcfa9ab74bc7a6faa713c;BombaEsteroRadio;49
Ay, DiOs Mío!;['KAROL G'];KG0516;2021-03-26;1beTDCe7sT7fzm8WIKXicz;https://i.scdn.co/image/ab67616d0000b273ae28c8f2748587cc2a33d6c2;BombaEsteroRadio;50
Do What You Want;['Council on Foreign Relations'];Do What You Want;2026-08-14;29xuQE0QEwo0CjomQxVNQ3;https://i.scdn.co/image/ab67616d0000b273da061cc8cff3810393aa18ed;FreshFinds;1
Scam Manifesto;['Mhaol'];Scam Manifesto;2026-09-08;7IhI1EeejN8IbpnObqPO6H;https://i.scdn.co/image/ab67616d0000b273aace7c10be9cb7efa9b79377;FreshFinds;2
Texas;['Font'];Texas;2026-09-02;08fO9XfGQLqq4fySfgvena;https://i.scdn.co/image/ab67616d0000b2730c1798fc89c89acaebff14b8;FreshFinds;3
Ravage;['NOVELISTS'];Ravage;2026-09-03;2pUaecpU87lb2enphyDByI;https://i.scdn.co/image/ab67616d0000b273180caa58c7342074cbb1a67c;FreshFinds;4
Keep Comin' Up;['Diary'];Spiral Bound;2026-09-04;2HgeaJj8T3iAFUs3fHNMnX;https://i.scdn.co/image/ab67616d0000b27319042c6356f65bbcc5901f4c;FreshFinds;5
Human Assholes;['Personal Trainer'];Human Assholes;2026-09-04;2PcHF7dfPN2p68kozrCZBr;https://i.scdn.co/image/ab67616d0000b273400ee46568d0d1438f2e4122;FreshFinds;6
Alive;['IMVN', 'Isaiah Hull', 'Azena'];Syren;2026-08-12;6cF1fpfO99fjR0sjnrhn6g;https://i.scdn.co/image/ab67616d0000b2730d2119c7d0e19082a5bd55b8;FreshFinds;7
In Ordinary Fashion;['Sham'];In Ordinary Fashion;2026-08-18;3lAfyp4UdKizbhqKqFJXAH;https://i.scdn.co/image/ab67616d0000b2730139c1ee3be7b533abec5643;FreshFinds;8
LET'S ALL GET MARRIED;['ASHMOOR'];LET'S ALL GET MARRIED;2026-09-03;7AI69ErIp5fZFg9WuV2Pwg;https://i.scdn.co/image/ab67616d0000b273fbbb1bdacea06e21dbf41cdd;FreshFinds;9
Silly Me with Storm Ford;['Ash Levi', 'Storm Ford'];Vinyls and Ashtrays: Disc One;2026-08-10;6emvr4vNOck2zPPup4XjHj;https://i.scdn.co/image/ab67616d0000b273164e126cf12b1c6581f0ac08;FreshFinds;10
MY OWN;['Youngz 05'];MY OWN;2026-08-18;5mZvwserYlJez015aXSw0d;https://i.scdn.co/image/ab67616d0000b273e33f0fadc963b3bfc2bec6db;FreshFinds;11
DEAD FRIENDS;['Mercury', 'Kenny Mason'];MERCLAND;2026-09-02;69gc1bWsss5VqIISqDZCFI;https://i.scdn.co/image/ab67616d0000b2731c767e500ba572bc95da1d18;FreshFinds;12
habitual line stepper and the golden dawn;['Florence Sinclair'];something out of nothing (s.o.o.n) mixtape;2026-08-28;4ZwFAoKy6mpUdhqvpDS28M;https://i.scdn.co/image/ab67616d0000b27345a731885adb9a6e330fc76d;FreshFinds;13
The Dealer;['CARI'];The Dealer;2026-08-19;5llJpOgfpEjtVbl4STXtwy;https://i.scdn.co/image/ab67616d0000b273fac51530416dc1ee9fb79293;FreshFinds;14
A Cor do Meu Sonho;['Curió Curió'];Curió Curió;2026-07-24;5P9I9o4jtb0zTmptpQRhDH;https://i.scdn.co/image/ab67616d0000b27334f714af73ad2704ec025337;FreshFinds;15
Pass me by;['Alba Akvama'];Pass me by;2026-12-04;2YtbpuYoqOqpr6aij1Tdfc;https://i.scdn.co/image/ab67616d0000b273d3cd0dbcd8145b36971ffa67;FreshFinds;16
Vatos;['Vanita Leo'];Vatos;2026-08-28;4YOY1oa1UvoAxEaWX9fi9n;https://i.scdn.co/image/ab67616d0000b27304d09be85415ab7a78c1d84a;FreshFinds;17
2000;['aLex vs aLex'];cliché;2026-08-27;4pSR9KbbV3GUtg8Pissd36;https://i.scdn.co/image/ab67616d0000b27353b3dfb7954f49a798a15c75;FreshFinds;18
weird feeling;['Savanna Leigh'];weird feeling;2026-08-28;5q0vOrLH8fbfTYn28vwzAh;https://i.scdn.co/image/ab67616d0000b27306c1a4af680bd3cbe49f5f42;FreshFinds;19
Ghost Train;['Hannah Hu'];Ghost Train;2026-09-04;56ouZOgAkOMXprl1m42mqj;https://i.scdn.co/image/ab67616d0000b273560a9f4d9fd2f5acf66149b7;FreshFinds;20
Luire;['Lokal'];Luire;2026-08-28;3l8jZ0xLKqF31e4zUhxbdR;https://i.scdn.co/image/ab67616d0000b2731f6ec8b2fb054653ff1994df;FreshFinds;21
Days of Heaven;['Tiffi M'];Days of Heaven;2026-08-27;55yZU5phJ00OycDoKgVRZB;https://i.scdn.co/image/ab67616d0000b2736716cf5fe7fd97832b3b18c8;FreshFinds;22
Myriad Reflector;['Cherry Bomb'];Myriad Reflector;2026-08-27;3IHVJz2gCt9U9goWpG4hcb;https://i.scdn.co/image/ab67616d0000b273a89e9cbaaab8b475bbef4b5e;FreshFinds;23
PPP;['$wvnk'];PPP;2026-05-31;6zF9OR8KoeRcsQ0hl373e4;https://i.scdn.co/image/ab67616d0000b273e127066ec5d78c447db8a503;FreshFinds;24
AHHHH***;['Kaicrewsade'];AHHHH***;2026-08-26;09ovKflFL3KRcFvNMnM7aj;https://i.scdn.co/image/ab67616d0000b27329844121975608c1a41b45ad;FreshFinds;25
roll one;['Earl Hondo'];roll one;2026-09-07;2qqFciCNxNxhZPmw2oTI9l;https://i.scdn.co/image/ab67616d0000b27358a0e4faaee15689f9646926;FreshFinds;26
SKULL;['Sentimento', 'Killa P'];SKULL;2026-09-04;7sfD7PUvDp0TmvJTTz7KTi;https://i.scdn.co/image/ab67616d0000b273d5880390cd1c5e0044fe190d;FreshFinds;27
time loop at hot slit;['PISS'];time loop at hot slit;2026-09-02;6c8pSAIdGhJhYipnjY2dQb;https://i.scdn.co/image/ab67616d0000b2739855b748af2026fd5552e8f8;FreshFinds;28
Inside Your Light;['Petal Supply'];Inside Your Light;2026-08-28;4ragvZ6bncbPc34ZqgZFth;https://i.scdn.co/image/ab67616d0000b273555c97f24c598f51b4ec1d72;FreshFinds;29
catch me if you can;['moonvine'];catch me if you can;2026-08-19;4tloBnrmsdF3lDDCMRQbJA;https://i.scdn.co/image/ab67616d0000b27349e52aee72f06f4b2b989272;FreshFinds;30
High Desert Halo;['Ember Moat'];High Desert Halo;2026-08-28;4zK2MaU4QDmoo1ssQ4zmZR;https://i.scdn.co/image/ab67616d0000b273b9cd0f17f3afd1704675b06c;FreshFinds;31
Lucky Star;['Sour Widows'];Lucky Star;2026-08-24;5j7oH0XVQGwaDF5wkqf9LK;https://i.scdn.co/image/ab67616d0000b27306e0d57267200b778ee4aeb9;FreshFinds;32
enough;['Caiden Wallace'];enough;2026-09-04;1aH7sQLodOc7K0SUUNDH6f;https://i.scdn.co/image/ab67616d0000b2732ff23994479c5b39ded14de5;FreshFinds;33
do it all again;['Lillian Faye'];do it all again;2026-08-28;4enHJ0j1nu3GBK27c4Lg3x;https://i.scdn.co/image/ab67616d0000b2730b9893e5d533685123c303e4;FreshFinds;34
Mess of It;['Brooke Lee'];Mess of It;2026-08-28;2p5BJVZMkqmo4e7tiI3nm2;https://i.scdn.co/image/ab67616d0000b27388aaad69a99bf98acfde8a93;FreshFinds;35
ANGEL;['Khal!l'];ANGEL / WALLS;2026-08-26;1Cr8nfjheWB9QuMzgkN0s6;https://i.scdn.co/image/ab67616d0000b2732280e57f582c696fe1716198;FreshFinds;36
Better Than That;['Grace Tyler'];Better Than That;2026-09-04;5RnQMeRIzlbdDKUqit3AXC;https://i.scdn.co/image/ab67616d0000b273d9ab39ac80d98c11e39fe45c;FreshFinds;37
Beaver Pond;['Trask'];Beaver Pond;2026-08-14;0BbHVuiG6ZqReCaWJoSInq;https://i.scdn.co/image/ab67616d0000b2732c0bbbe0645fb86894285a5c;FreshFinds;38
Hang It Up;['Schmitty'];Hang It Up;2026-09-04;50BQZ3HxCm2pI74AHefu2n;https://i.scdn.co/image/ab67616d0000b273756a5072998102396c706730;FreshFinds;39
NO BODY;['O Slow'];NO BODY;2026-08-04;30UxRlwU27aXa9Q6WvPbBA;https://i.scdn.co/image/ab67616d0000b27307c77a66bc88a2e0a6349fb0;FreshFinds;40
hey fever;['Whu Else'];hey fever;2026-08-03;6bSxzviDdul5AvB0PrjIJl;https://i.scdn.co/image/ab67616d0000b273d9b16e8e91bb726462caac20;FreshFinds;41
Margot Tenenbaum;['Brat Star'];Margot Tenenbaum;2026-02-26;0mVl3BQkaK38OHUJ3AU7Tb;https://i.scdn.co/image/ab67616d0000b2730ce492230583f357da45e28a;FreshFinds;42
Pop Is My Religion;['Maisi and the Disco'];Pop Is My Religion;2026-08-21;3szS1JE9PN3p0CHQfwwyDi;https://i.scdn.co/image/ab67616d0000b27362ae97eda2f87f6dabd657e4;FreshFinds;43
PTSD;['ili'];Confessions Of A People Pleaser;2026-08-28;4l2yt3rEAQ6K61UjL0EwLP;https://i.scdn.co/image/ab67616d0000b273acc1b81dee455069a82ef720;FreshFinds;44
Circles;['sunandmoon', 'Ogi', 'Anoop'];Circles;2026-08-20;2OReovfjKHti68EZWPX9uf;https://i.scdn.co/image/ab67616d0000b27370448d3a416fb394dde1faed;FreshFinds;45
In the Gold Room;['Superfan'];In The Gold Room;2026-08-26;4dFdunX6eXI7IvAwlo9WrK;https://i.scdn.co/image/ab67616d0000b273a6928a151ea213242d28db36;FreshFinds;46
Crazy;['Conor Burns'];Crazy;2026-08-28;0oiGdy7Zp6ZTbm2cdFnvRO;https://i.scdn.co/image/ab67616d0000b27319f1725e523c0195001ee2f9;FreshFinds;47
4am;['James Eichman'];St. Catherine Street;2026-08-20;4VeCTWzYKHylYIuJyjBIVy;https://i.scdn.co/image/ab67616d0000b273f2a5fced0b7b9f8e3ac26034;FreshFinds;48
Guilty;['Sammi Heaney'];Guilty;2026-08-26;6SEE7iA69AF9N8fqUYRdQr;https://i.scdn.co/image/ab67616d0000b273f2e17d16902e6bd1d6226874;FreshFinds;49
The Land That's Always There;['Bones Forever'];Bones Forever;2026-06-09;0cry4TyixOiWNCftCOAOlJ;https://i.scdn.co/image/ab67616d0000b273d0684724e32bc28108f39abc;FreshFinds;50
It's Obvious;['sunniva', 'link3'];It's Obvious;2026-08-21;6AznC3ZKfpBs7I9RLlKY5w;https://i.scdn.co/image/ab67616d0000b273949986794fb803c8ff66facd;FreshFinds;51
Dancing With The Unknown;['Blossom Hill', 'aint about me'];Dancing With The Unknown;2026-08-27;7j3WWRSg6FJDUpVGjOWVOR;https://i.scdn.co/image/ab67616d0000b273e43d5993245d43e3db33a6e3;FreshFinds;52
Half Woman, Half Cosmic Horror (Disco Disco);['Abbie Callahan'];Half Woman, Half Cosmic Horror (Disco Disco);2026-08-21;3sBGDdhsXpQ4jTTy13cqCs;https://i.scdn.co/image/ab67616d0000b273aa66922b44aed30e5abf4203;FreshFinds;53
Country Rose;['Jonathan Something'];Country Rose;2026-07-14;5uykVD8gTzApGmApjCUJCQ;https://i.scdn.co/image/ab67616d0000b27361a72d4758c81650356e4913;FreshFinds;54
My Rage;['Classic Traffic'];My Rage;2026-08-25;4eYMrUfD9DevQwdjFNm4YL;https://i.scdn.co/image/ab67616d0000b273f8886b79e8f343427f4ac37e;FreshFinds;55
Full Spectrum Dominance;['Dummy'];Full Spectrum Dominance;2026-08-13;5sAuMXbKfqMDUr5RXHDND6;https://i.scdn.co/image/ab67616d0000b2733fb364ad4a87d4fe43bfb5b6;FreshFinds;56
Swarm;['Tramhaus'];Swarm;2026-08-26;4UFPf8Q2Zpsk76b7BNwW4n;https://i.scdn.co/image/ab67616d0000b27391ada580704743864c05ad1c;FreshFinds;57
Porcelain;['Grace Power'];Porcelain;2026-08-07;4uiWXurzJvxA3yL1CvJTqo;https://i.scdn.co/image/ab67616d0000b273bee8a7efe9218367984e8bf6;FreshFinds;58
Killing Time;['Julia Campbell'];Killing Time;2026-08-14;1IzJUosMnntxD6S9grgc7c;https://i.scdn.co/image/ab67616d0000b273928240756a76739400c59f80;FreshFinds;59
Dusty;['Isaac Stalling'];Dusty;2026-08-20;1sVWb96BHxmZ8sFNz03w8z;https://i.scdn.co/image/ab67616d0000b273ffbd01ac8cbd2d4ce06cd8cc;FreshFinds;60
Bring That Beat Back;['AMMIL'];Bring That Beat Back EP;2026-08-20;3VyrgdbuNii6he47vV6Ryr;https://i.scdn.co/image/ab67616d0000b2736f060ab7402d1d6ce3ff2df1;FreshFinds;61
pink;['Swords2'];sleepy3weepy;2026-06-22;0ipRyDKkHbWUNBtfUP1UzO;https://i.scdn.co/image/ab67616d0000b273dc3b3b916eb2f92860bca421;FreshFinds;62
Friction;['HARLEY GIRL'];Friction;2026-08-19;0Gsa1ebyIITbwDHamhnpu2;https://i.scdn.co/image/ab67616d0000b273af417f4ad7a0f998847fe308;FreshFinds;63
Why in the World;['Maddie Lenhart'];Why in the World;2026-08-21;2Ev27sEl2ecrovVy8JfAiO;https://i.scdn.co/image/ab67616d0000b273e85fdb4c642c286f3eaea990;FreshFinds;64
HONEYMOON;['Parisalexa'];HONEYMOON;2026-08-19;3MGuSdChxG0ejAS6Erbshd;https://i.scdn.co/image/ab67616d0000b273053fabcf131a30340c954429;FreshFinds;65
Keep On Calling;['Harmony Index'];Keep On Calling;2026-08-12;4GdCxBqoppOAJyfP3OHOtl;https://i.scdn.co/image/ab67616d0000b273720e27a3b92dbaec28eeb5ca;FreshFinds;66
Sweeter Than This;['Headaches'];Sweeter Than This;2026-08-20;7CRuydlDS3Jm8g4OVQJ7Z1;https://i.scdn.co/image/ab67616d0000b273e7b15f91d246b7dc8485b8cd;FreshFinds;67
Epstein Files;['Thee Traperinna'];Epstein Files;2026-04-24;33txpsNMpvNgxiATW1BBGa;https://i.scdn.co/image/ab67616d0000b2731dc1bf0e1d7827c4a3d56d31;FreshFinds;68
Pasture;['Laolu Adewumi', 'Emandiong'];Pasture;2026-08-12;27fK8cJMLh7FGwgF73VnyP;https://i.scdn.co/image/ab67616d0000b273494e2c02c119c0f056b52b9d;FreshFinds;69
FREAKS;['Leekindacut'];FREAKS;2026-08-17;0WuDyaxVyxZlHQYTcMMtYo;https://i.scdn.co/image/ab67616d0000b2734ea3a0bdddb9cbd89c25d8ce;FreshFinds;70
EOTD;['Paris Price'];EOTD;2026-03-31;7tjyrCQXM5F3zbptkdIxha;https://i.scdn.co/image/ab67616d0000b273c36a42c454b5e53b85228bca;FreshFinds;71
HURT NOBODY;['JIREH'];HURT NOBODY;2026-08-13;3uStGep9LAwL3mXvzGE8m2;https://i.scdn.co/image/ab67616d0000b2739e0fa203bf8027158a6e17f8;FreshFinds;72
Love, At The End Of The World;['SEREN'];Love, At The End Of The World;2026-08-21;5TDzozeZNIzs6oSTDngBbd;https://i.scdn.co/image/ab67616d0000b2737d05617bf7f2c26ea5277d23;FreshFinds;73
2 SEATER (ft. ANYCIA);['SMJ', 'Anycia'];PLEASURE TO MEET YOU;2026-08-11;5BY0pykWVfDWGGdzgMFHRz;https://i.scdn.co/image/ab67616d0000b27328757178c60603f31232daa8;FreshFinds;74
such is life;['threetwenty'];separate from the noise (side b);2026-08-21;3AMNrBLaZ5CinnVTMIfjRp;https://i.scdn.co/image/ab67616d0000b27370bc96339de3cbdbdbd72395;FreshFinds;75
Don't Stop;['Redstain'];Spotted I;2026-07-23;5IM3QDSAX5uqoNSSWLJFtj;https://i.scdn.co/image/ab67616d0000b273dc4eda14cebf454266a458ec;FreshFinds;76
PINK CIGARETTE;['EARTH TO EMILY'];PINK CIGARETTE;2026-08-14;0ik0aySMmki8Zo1NgDKoDG;https://i.scdn.co/image/ab67616d0000b27398e4ac104a330b63e0090fe7;FreshFinds;77
lao wai;['Helena Gao', 'Shushu'];lao wai;2026-08-06;1Kz4kdsoG9XqZReNL3RWZ4;https://i.scdn.co/image/ab67616d0000b2732f9337ce87fcb78a1cf5411d;FreshFinds;78
Dirty Glamour;['Bootleg Baby', 'Sidney Phillips', 'lil ket'];Dirty Glamour;2026-08-04;1ehBycRM3wpES0VaDNBMgr;https://i.scdn.co/image/ab67616d0000b2730ef1cfd7c33f194f468d9c99;FreshFinds;79
Dimly Lit Cadaver;['Earth Tongue'];Dimly Lit Cadaver;2026-08-19;68kd3bIMh83qorfcD0u8f6;https://i.scdn.co/image/ab67616d0000b273809b8d2cf07277e32d822607;FreshFinds;80
THE RISING TIDE;['ILLAN KAAPAN'];THE RISING TIDE / KEEPS ME ALIVE;2026-08-05;3JDqHduzsN6uxm0pkM6GK2;https://i.scdn.co/image/ab67616d0000b273ab3dc673122b51095630514d;FreshFinds;81
ROTTEN;['FKA Rayne'];ROTTEN;2026-08-21;5tODiMGWKft6sCamNwEQdj;https://i.scdn.co/image/ab67616d0000b273cf3260157d685df2960d36b5;FreshFinds;82
Meetings;['TVOD'];Meetings;2026-08-11;24kld4AJX5lPrenmK8Juc6;https://i.scdn.co/image/ab67616d0000b273429f46a3c21a8a1bacee4365;FreshFinds;83
480p;['blinder'];low-res;2026-08-11;0ChCxujuoCgfA19I0J8bBJ;https://i.scdn.co/image/ab67616d0000b273a025ea7dcd33558f1a855535;FreshFinds;84
Joyce Kilmer Service Area;['wakelee'];Joyce Kilmer Service Area;2026-08-18;287HIlovgFFLZJjDkU05R6;https://i.scdn.co/image/ab67616d0000b273dd7cc8eb303d58d9f32d679f;FreshFinds;85
why can't u n i b friends?;['Léonie Barbot', 'ESTA.'];from me to me;2026-08-06;6YA9DzD0YRCofMauyAgStz;https://i.scdn.co/image/ab67616d0000b27379b377359fac1e1b55fed701;FreshFinds;86
Elevator Bae;['Cyanca'];Send a Letter;2026-08-06;6z18ZRm5TTiLBEnN59W1xN;https://i.scdn.co/image/ab67616d0000b273afe92df3f3025dcb524ab4db;FreshFinds;87
Sweet Devotion;['Queen of Jeans'];Sweet Devotion;2026-08-11;0uc65AORg4dIHJknwx4hAV;https://i.scdn.co/image/ab67616d0000b27365e002a59c503c1b9ce223ec;FreshFinds;88
Jump;['KIANA'];Jump;2026-08-14;5trDaSTaJAh91axXwUYCVv;https://i.scdn.co/image/ab67616d0000b273a506887e6dfd9304a48e723e;FreshFinds;89
Good for You;['Micah Fletcher'];Good for You;2026-08-14;3V46ysYS6gN5LTH9MG8DYO;https://i.scdn.co/image/ab67616d0000b273adccea11ef89c39ccb745c64;FreshFinds;90
Lay Down Your Cards;['Lennon VanderDoes', 'Alycia Lang'];Lay Down Your Cards;2026-08-14;2lX9duK6llhtN7pRTuZjTa;https://i.scdn.co/image/ab67616d0000b27350057ee138649d513f6ffb00;FreshFinds;91
Night Fright;['Biita Houdei'];Night Fright;2026-08-19;5snvp77A1cclZQxyAQiQbY;https://i.scdn.co/image/ab67616d0000b27319a6bd5648e027f1735f304b;FreshFinds;92
Fine;['Ethan Burdick'];Fine;2026-08-19;6PIaAYsV9nT5GupsxcbdJB;https://i.scdn.co/image/ab67616d0000b2732953db44055e6dfcdeb29bc5;FreshFinds;93
long way home;['Ella Woolsey'];winner (deluxe edition);2026-08-07;6uHtF3g68x3Mwj0xBmPh0n;https://i.scdn.co/image/ab67616d0000b27343ef4d5b2a927f603d20990b;FreshFinds;94
What You Mean;['imy3'];imy3 & towhead;2026-08-07;5GSCuy82SMwEdWmXCEArMa;https://i.scdn.co/image/ab67616d0000b2735c11b13c8f4a1865c2bd957d;FreshFinds;95
Brace for Impact;['yeemz'];Brace for Impact;2026-08-12;4m5h9O9nUCg5njX8tC344q;https://i.scdn.co/image/ab67616d0000b2737ee8561039b35827182c8c93;FreshFinds;96
1 By One;['Ideas By Ab'];1 By One;2026-07-31;0uXMI4wHx7WI6pixBhHu4T;https://i.scdn.co/image/ab67616d0000b273f57f6b2d60feca9128c13ea7;FreshFinds;97
TALK ABOUT IT;['Jeremiah Paltan'];I’M OKAY NOW, BUT I WASN’T FOR A WHILE;2026-08-07;0YjjOiBjdvp0oOqICrXbxM;https://i.scdn.co/image/ab67616d0000b2731b72b52934c7a2b70fd1fdbe;FreshFinds;98
half smile;['Hockitay'];half smile;2026-08-05;0TpdlGxaVraIe1dDXdFehk;https://i.scdn.co/image/ab67616d0000b2735cbec0b3987ee982f458d9ab;FreshFinds;99
You Are Never Gone From Me;['Morgana'];You Are Never Gone From Me;2026-08-05;3X4aqjMeBDw4ISXy3M3Xtw;https://i.scdn.co/image/ab67616d0000b273076ce35ecfb8f91d09a65699;FreshFinds;100
Moments of Joy;['Noel Oliver'];Moments of Joy;2022-10-28;4xaWRbNi9BNSCNxNgVUepd;https://i.scdn.co/image/ab67616d0000b273e3e5d68f9fd4222e13599d16;Doucenuit;1
Silent joy;['Lester Dann'];Silent joy;2021-09-26;5lS2q5nrx4qmBUD2ew3QMV;https://i.scdn.co/image/ab67616d0000b2735abe0576df0230f6b28c8d5a;Doucenuit;2
Fall a hundred times;['Mark Lieder'];Fall a hundred times;2023-09-29;078tv0fBjcReoPb9IL97b7;https://i.scdn.co/image/ab67616d0000b273daaf5159ac4fb31eae98ec84;Doucenuit;3
Cataverdis;['Ren Lockhart'];Cataverdis;2023-11-19;6Qqto6duuFLcAUvTEsacwS;https://i.scdn.co/image/ab67616d0000b273d0365a778f959b5607d64b66;Doucenuit;4
Muse Of History;['Roland Toubin'];Muse Of History;2023-09-29;5JVDIP9IBy6DJB6SVFTX5T;https://i.scdn.co/image/ab67616d0000b27307d8071fa51822495c1a8741;Doucenuit;5
Mystic Rivers;['Malmkvist'];Mystic Rivers;2024-04-19;24qUwzHcqj4x9JIJ5FP5JO;https://i.scdn.co/image/ab67616d0000b2738298173a38264e44b80f3950;Doucenuit;6
Valse Delle Vigne;['Nascondiglio'];Valse Delle Vigne;2024-02-23;3JSPIgK4QMCTSEXZCMRuPj;https://i.scdn.co/image/ab67616d0000b273b5ffa69856a2b8c8af38e2dd;Doucenuit;7
Refreshing;['Megan Wofford'];Flourishing;2021-07-16;6d4hQC6SMrJQayOCwxffSn;https://i.scdn.co/image/ab67616d0000b27386ea7d5a6ab5d0677b07425d;Doucenuit;8
Mare Nostrum;['Lotus Laverne'];Mare Nostrum;2021-05-04;08NywOqVYmiuQ8mLpQaUeG;https://i.scdn.co/image/ab67616d0000b2735e139b7777b44d78c74287fd;Doucenuit;9
Wiegenlieden;['Gunnel Boek'];Wiegenlieden;2021-11-05;3U6R2JSOzgPzQo57fZFsDZ;https://i.scdn.co/image/ab67616d0000b2737d83b732554de51d17251515;Doucenuit;10
Milleniaria;['Roland Toubin'];Milleniaria;2022-07-15;0EmLqKNpKexYXHjw5fqeiW;https://i.scdn.co/image/ab67616d0000b2739734b316faa898cae8acd871;Doucenuit;11
Derrière le carreau fermé;['Leonard Czernay'];Relaxing Piano (Neoclassical Sessions);2022-08-19;0PeioVXpgkx0gAjjXWZgrI;https://i.scdn.co/image/ab67616d0000b273600f3599484af785f6483177;Doucenuit;12
Wish Your Way;['Eric Sebastian'];Wish Your Way;2022-01-14;3W6Tx6pKOD4O97uTIYwoEZ;https://i.scdn.co/image/ab67616d0000b273a4a50baf2cec7d94aa718ff2;Doucenuit;13
Fire Lily;['A Whisper'];Fire Lily;2024-04-19;2uSAha9mpw97lxp4Gpp2HK;https://i.scdn.co/image/ab67616d0000b2731e1e7c8cdaae3be31f88ea5b;Doucenuit;14
When you were near;['Isabella Morales'];Morning Rain;2021-06-11;1hsC8r1VfGSuGCwLWbzmEh;https://i.scdn.co/image/ab67616d0000b273bc60ac9dce92baad4dc57819;Doucenuit;15
Désir;['Valerie Renaud'];Désir;2022-01-27;3yeIp7ZvFx2WGhsdPqIj8Z;https://i.scdn.co/image/ab67616d0000b27365ab0db9acf9e76e7478b6e8;Doucenuit;16
Blue Skies Are Coming;['Sayuri Hayashi Egnell'];Lupi;2021-11-19;29WaVQCJPqk7thJmKPNhQv;https://i.scdn.co/image/ab67616d0000b2735019bc0b4a7d7293868366c8;Doucenuit;17
Testimony;['Genevieve Melton'];Testimony (EP);2021-05-18;1NgM2SEuhj7pAzeVTF6Oe5;https://i.scdn.co/image/ab67616d0000b273f64518056b9d06f9663e196e;Doucenuit;18
Afterlight;['Arlo Thiem'];Afterlight;2023-09-29;0X3mDFl8poPzyNQmrTe9fr;https://i.scdn.co/image/ab67616d0000b2731e18fb2133f26445e03e6bad;Doucenuit;19
Fruits of the Harvest 432 Hz - Piano;['Jaime Jacobs'];Fruits of the Harvest 432 Hz (Piano);2023-10-31;6XIpwHcF7w11Q8OEcwKTUs;https://i.scdn.co/image/ab67616d0000b273c6904f3856bf39913e03a1ff;Doucenuit;20
Sequoia;['Amos Coelllo'];Sequoia;2021-09-05;0w5Kd5Vqg37VZupZCEZVhi;https://i.scdn.co/image/ab67616d0000b2730d8ab0257fe056dc6cfcbd37;Doucenuit;21
Libre;['Con Alma'];Libre;2021-11-26;4v1nkqzbzajcLBxEnJ1AP3;https://i.scdn.co/image/ab67616d0000b273c5c3f0eccac9ec154b5d1f0d;Doucenuit;22
A bed of tulips;['Luanna Averie'];A bed of tulips;2021-06-11;3y3krIeEKphe51xVjdHLXm;https://i.scdn.co/image/ab67616d0000b2731820131d250b89050b0eec50;Doucenuit;23
Lucid Dreams;['Dawn Huntley'];Lucid Dreams;2024-04-12;6O9AWPGehNHiSJ1sNcKgBg;https://i.scdn.co/image/ab67616d0000b273001bd9a1151613a83cce605f;Doucenuit;24
Ocean Heart;['Hazel Adams'];Ocean Heart;2021-06-08;4TXzJ0L5gMumCwrlEgyRZL;https://i.scdn.co/image/ab67616d0000b27348ea90b1612f5d003eb8ef52;Doucenuit;25
All You Want;['Gunnel Boek'];All You Want;2024-03-08;5hJYtuUAsHMnmRe1aogTfX;https://i.scdn.co/image/ab67616d0000b2738dd863edad08e7aba58f021a;Doucenuit;26
Suki Desu;['Marlon Guild'];Sakura;2021-06-24;7geHCfvKGWHQ9d24S2a2aa;https://i.scdn.co/image/ab67616d0000b2737d3e92c55a2964f4ba1e140b;Doucenuit;27
On Silver Hill;['Duke Wolverine'];On Silver Hill;2024-05-03;2vj5NP6jpVbPqoxhopxcRA;https://i.scdn.co/image/ab67616d0000b273173ddc1bff5aa0f644758612;Doucenuit;28
Picture Life;['Emmanuel Sapphire'];Picture Life;2023-11-05;4bjAEUYwbMIcd3e86EinLN;https://i.scdn.co/image/ab67616d0000b2738800105f24a566bd760169d0;Doucenuit;29
Les Arbres Parlent;['Edgar Paget'];Les Arbres Parlent;2021-07-09;5OCUevB2d31fkcQEP56MxQ;https://i.scdn.co/image/ab67616d0000b273526470183f62d4998d2abea8;Doucenuit;30
La Belle Epoque;['Isaac Cassidy'];La Belle Epoque;2021-12-21;7bk5U14iArhfEeazvoP3L5;https://i.scdn.co/image/ab67616d0000b273d7bf2a82e9308dc788fd8a7f;Doucenuit;31
Wake with me;['Brian Lyndon'];Wake with me;2021-08-27;4xTvAj3iYFWOoeaErsNwbj;https://i.scdn.co/image/ab67616d0000b2730d45a2f45c1dad34b87ee652;Doucenuit;32
Adoration;['Jacques Blanc'];Adoration;2023-11-24;14wPl9Hv5LFqZZdz2AbwRL;https://i.scdn.co/image/ab67616d0000b2730d72e9020dfeb164d476c0da;Doucenuit;33
A Rose;['Natalee Marlowe'];A Rose;2021-10-03;0XAHH61ykmd5UpOF7w7Ky8;https://i.scdn.co/image/ab67616d0000b273532d2cf9f6a5f30ba1c1db0c;Doucenuit;34
Strosande;['Alfred Janders'];Strosande;2021-12-30;0BET2XNs9xjzW6uQ5yvqjQ;https://i.scdn.co/image/ab67616d0000b273c0c2f99a5038c58b9fd37b36;Doucenuit;35
New Moon;['Hakone'];Beyond The Horizon;2021-07-23;4SWqlyQxKodNKeirLkcysT;https://i.scdn.co/image/ab67616d0000b273a1f4a6dc34924509dd369c1b;Doucenuit;36
Silent Among Strangers;['Yeer Ifinies'];Silent Among Strangers;2024-03-08;0QesMtYIzZ8yLPbSNYXqW1;https://i.scdn.co/image/ab67616d0000b2739687a6e3e35e78e995126dfa;Doucenuit;37
But A Whisper;['Vaughn Harrison'];But A Whisper;2023-02-24;2t9nX7l0xqCmAXML9ozYuw;https://i.scdn.co/image/ab67616d0000b273b5e908459a10131b5473b673;Doucenuit;38
I'll Meet You On The Clouds - World Sleep Day Mix;['Elliott Jack Sansom'];I’ll Meet You On The Clouds (World Sleep Day Mix);2023-03-17;2BeCRQKSIv9ilQrbl9GiMk;https://i.scdn.co/image/ab67616d0000b273276cc13dfbee7ae25a5c497d;Doucenuit;39
After The Storm;['Florian Palmer'];After The Storm;2021-09-20;29vKgz3LXrTMqbxy71p0Fr;https://i.scdn.co/image/ab67616d0000b2736bc4f3e850263d49b403edb6;Doucenuit;40
Seichtes Wasser;['Claudio Polle'];Madeira;2021-02-28;1F6M5OxEBzMTpcTX64ie9m;https://i.scdn.co/image/ab67616d0000b27337382ee6859f2251c0d4d01e;Doucenuit;41
L'hiver;['Mírabilis'];L'hiver;2024-01-05;7aK6ta2RLhGEvgWpseGXMY;https://i.scdn.co/image/ab67616d0000b2733c619a57df30ae25acdda3ec;Doucenuit;42
am ersten Tag;['Hugo Vanbrooke'];Time Line;2021-11-28;2gwhISMkdlhEqEP60P93Z1;https://i.scdn.co/image/ab67616d0000b2735753792b142a94134f78f34b;Doucenuit;43
Slowly;['Carl Moir'];Slowly;2022-03-11;3i5Qo75v7ijp9YE0iOnFS5;https://i.scdn.co/image/ab67616d0000b2737ea9f70abefbaab083dc8660;Doucenuit;44
Late;['Nils Frahm'];Old Friends New Friends;2021-12-03;617B8BzRj0qN4cx8ITXV5B;https://i.scdn.co/image/ab67616d0000b27382a4a7494cc0641d6f272cf4;Doucenuit;45
Quiet Moments;['Niwa Nova'];Quiet Moments;2023-08-17;2Zof2lqNWh3mum2rtnQsCc;https://i.scdn.co/image/ab67616d0000b273d70623894801c60ab0bbd778;Doucenuit;46
Une histoire d’amour;['Cedric Moulin'];Une histoire d’amour;2021-01-01;1RfSykRvuEDqTUimaVE64E;https://i.scdn.co/image/ab67616d0000b273fe437eca151bb56024d9e48a;Doucenuit;47
Tales of an Oak;['Freya Rääf'];Tales of an Oak;2021-02-23;5bCmrU1C14AFNulJ5qMNEw;https://i.scdn.co/image/ab67616d0000b27380739caa6d2266a178b69da3;Doucenuit;48
Clear And Calm;['Wolf Keller'];Clear And Calm;2023-10-13;4Gn7QkFfIUdoJnRnmMBIZ7;https://i.scdn.co/image/ab67616d0000b2737dca0403dfe766c43a08eeb7;Doucenuit;49
Night Clouds;['Domi Nova'];Night Clouds;2023-10-06;0OpqhQTV2qBimQyFhQAuDF;https://i.scdn.co/image/ab67616d0000b273bbb88d24e52189225953bf51;Doucenuit;50
Who You Are;['Cary Appleby'];Who You Are;2021-09-03;76agaZQuHOXaW7FoulqfD0;https://i.scdn.co/image/ab67616d0000b273829447dd6238678d138f3f46;Doucenuit;51
Blue Water Floats;['Placid Warren'];Blue Water Floats;2021-07-16;1valVbc0kxrTxrT4nf3x9t;https://i.scdn.co/image/ab67616d0000b2736aa7101a634c80feff1c2ad8;Doucenuit;52
Tolerance;['The Masked Pianoman'];Tolerance;2022-05-20;28breCSDTKxrWa96iZBNlq;https://i.scdn.co/image/ab67616d0000b273024e18c1ca40ed89ec257940;Doucenuit;53
Satori;['Marlon Guild'];Satori;2022-04-29;24gIZr0tHpmgg92zkc8YMm;https://i.scdn.co/image/ab67616d0000b27324b36b0715f8247eb2420b17;Doucenuit;54
Dandelions;['Linior'];Dandelions;2023-11-26;1HoCLME8rDSpksyIVgfs5w;https://i.scdn.co/image/ab67616d0000b273a14cf80dbeeff9e098316070;Doucenuit;55
A Bad Dream That Will Pass Away;['Luke Howard'];A Bad Dream That Will Pass Away;2022-02-25;6XTKYGyydndSUV3OHHDwZU;https://i.scdn.co/image/ab67616d0000b273b0ef82a17d49bad54bcedcd3;Doucenuit;56
One More Story;['Sloan Sandford'];One More Story;2024-03-15;5H4EVghamuvIx46AT2gwqf;https://i.scdn.co/image/ab67616d0000b27396e953cc049ba1979572e65f;Doucenuit;57
Love Me Tender;['August Ken'];Love Me Tender;2023-04-21;1cm6DumMSwqKuxZdRjorAl;https://i.scdn.co/image/ab67616d0000b2731022a9e93e3ac01dc1b270a9;Doucenuit;58
Stoevsky;['Ledetraad'];Stoevsky;2023-01-13;41s0GDVHUXD0F7uKLAdJFD;https://i.scdn.co/image/ab67616d0000b2739e631ffcb03cc86fc87ac591;Doucenuit;59
You;['Oliver Peasley'];You;2021-10-29;1WfuDZ4OFPb1WC76ipdKCW;https://i.scdn.co/image/ab67616d0000b2739f4dfdc4d968f079e42df2ec;Doucenuit;60
Sleeping Forest;['Emmanuel Sapphire'];Sleeping Forest;2023-12-10;3VpHOtfXljfg3cPkE1hrzd;https://i.scdn.co/image/ab67616d0000b273b98bf5c502b969a903d6b651;Doucenuit;61
Amabile;['Carluccio'];Amabile;2023-11-17;3145XZiKmaE34sybk99dWc;https://i.scdn.co/image/ab67616d0000b273e7f0c61625b953493b89d4f3;Doucenuit;62
Romanze;['Lisa Kriegler'];Romanze;2022-07-08;3voEoccU1Hg1QdE0j4qxw1;https://i.scdn.co/image/ab67616d0000b27321e7eab13bbebe5b5dc03d2a;Doucenuit;63
Snuggled;['Loulaz'];Snuggled;2023-12-10;75Zh8LLgK1jnGbHsAMN2vv;https://i.scdn.co/image/ab67616d0000b2730d21596dada18bb50f9dd504;Doucenuit;64
Sibylline;['Corinne Blanchard'];Sibylline;2021-12-24;1g6eKf7X35dCZv8v8ZRx8P;https://i.scdn.co/image/ab67616d0000b273f9bfeff9e80024e674bb28f2;Doucenuit;65
Forgive Them;['Brock Hewitt: Stories in Sound', 'The David Roy Collective', 'MajorLink'];Forgive Them;2022-04-15;5ygpixsIV7ess0ZwLGJ5Nn;https://i.scdn.co/image/ab67616d0000b2734dca64c4f7bedbe87addeb0f;Doucenuit;66
Azul;['Emilio Chiara'];Azul;2023-01-19;1cTCSy4aSPecGDDx3wqUjD;https://i.scdn.co/image/ab67616d0000b2737a5ee3be4e63f4904a93693f;Doucenuit;67
Sparrow Eye;['Jared Chance Taylor'];Sparrow Eye;2022-07-08;5fsFankh47Uve3ugGEKyyG;https://i.scdn.co/image/ab67616d0000b273016dcc16a371bf09888d0f25;Doucenuit;68
My Hands;['YARA'];My Hands;2021-11-12;2hsYfmLXWdRWqB2i4LAhp1;https://i.scdn.co/image/ab67616d0000b273b67d3e64201351bcce186b03;Doucenuit;69
Goodwill;['Rick Gallagher Project'];Goodwill;2021-10-22;1BfkOTr6W7SyXsfappHLHy;https://i.scdn.co/image/ab67616d0000b2739489b592d1d39bbd84cd1ba8;Doucenuit;70
Echoes In The Wind;['Josh Jacobson', 'Treman'];Echoes In The Wind;2021-08-27;6EO1zgWT7dpChCqOfeFIVS;https://i.scdn.co/image/ab67616d0000b27304514a329842dc7b7647abdc;Doucenuit;71
Water;['Michiel Borstlap'];Water;2021-10-15;0fHo89AiSS0X3ycHHKnIoU;https://i.scdn.co/image/ab67616d0000b273ef35b5228acf6c05c97e4755;Doucenuit;72
Chuchotement;['Derina Berger'];Chuchotement;2023-06-30;2NWOoi4HoSZFX0sySYIqVi;https://i.scdn.co/image/ab67616d0000b2737d9105c982dc4f407b86a35d;Doucenuit;73
Taciturn;['Julius Cuvier'];Taciturn;2022-06-03;6k4vTbYOi9pLZHaJYhBRu1;https://i.scdn.co/image/ab67616d0000b27318bc6f560fe15f7bf463415a;Doucenuit;74
Sequences;['Móret Labino'];Sequences;2023-02-03;26TCO6nueNbCvXPvQs7Dma;https://i.scdn.co/image/ab67616d0000b27373bf512c41275b6b9a11041c;Doucenuit;75
Island II;['Olivia Belli'];Island II;2021-09-24;1qGI8KYIXtJK9WTMC6nIQM;https://i.scdn.co/image/ab67616d0000b273a906f0662920f64afaa76c75;Doucenuit;76
For Catherine;['Chad Hammond'];For Catherine;2022-07-15;7sthK300jq1FzpSvJXID1L;https://i.scdn.co/image/ab67616d0000b273c223e102834394cc2fa332a2;Doucenuit;77
Pines and Cedars;['Logan Jameison'];Pines and Cedars;2023-02-10;4EIbWNNAT3TqvzflNhGKyU;https://i.scdn.co/image/ab67616d0000b273bc531e2c6fc92dd9fbad2af3;Doucenuit;78
Distance;['Adrián Úlfur'];Distance;2023-01-21;4RfSDsnP15kSfeu4FxItmX;https://i.scdn.co/image/ab67616d0000b273803bfe115866905ec7cdd576;Doucenuit;79
Across The Fields;['Morunas'];Across The Fields;2023-07-21;2UWdKLbBqqjWjqE7NPLBKH;https://i.scdn.co/image/ab67616d0000b273966bfe46a2fd95c5e9a15dd9;Doucenuit;80
She Sleeps;['Alvair'];She Sleeps;2022-10-26;09GlKjOqndkGAXQW6b2YBa;https://i.scdn.co/image/ab67616d0000b2733034ed7967f1439f8e6878f2;Doucenuit;81
Saga;['Lykka Alve'];Saga;2022-03-31;0JM4ig0fH4lvYWlNhGqlBf;https://i.scdn.co/image/ab67616d0000b273cdd6bf74fab83e741b38dcb8;Doucenuit;82
Act Of Reconciling;['Herbe Matin'];Act Of Reconciling;2022-12-23;3iTgM3cDPpZCQ4GL1pP0Ss;https://i.scdn.co/image/ab67616d0000b273a7feb1818ceaffcd9043eb95;Doucenuit;83
Softly;['Noah Foem'];Softly;2023-01-02;6zJ2ZTSniD1AA9haATbYf7;https://i.scdn.co/image/ab67616d0000b27310219a704da411d43a682fbe;Doucenuit;84
Glance Out A Casement Window;['Janet Redger'];Glance Out A Casement Window;2023-01-27;5hFkGfx038V0LhqI0Uff2J;https://i.scdn.co/image/ab67616d0000b273c1f1b784f7ef6ad1fd13e581;Doucenuit;85
Ensamma nätter;['Drömqvist'];Ensamma nätter;2022-05-20;7wHSoSqiCeLNn56BjPvece;https://i.scdn.co/image/ab67616d0000b273d79316086d99e29937c9287b;Doucenuit;86
The Toska;['Lennon McKenna'];The Toska;2022-06-24;3B00y1wVSCix4zUW7tDCZx;https://i.scdn.co/image/ab67616d0000b2731b9aef3985fa80331badfa97;Doucenuit;87
Mercurio;['Henry Gadacz'];Mercurio;2022-08-12;4ZmKxpk6LQQkhW8mwWiIPP;https://i.scdn.co/image/ab67616d0000b273f8bf221dbc878639286abad9;Doucenuit;88
Warm;['Closed Lids'];Warm;2022-07-09;3k0x9nLNnDf37MJYIPFww5;https://i.scdn.co/image/ab67616d0000b273382a52e4dcc79a26d5f31e66;Doucenuit;89
Someplace Good;['Sounds from a Box'];Someplace Good;2022-10-17;4l2aLCFBcycKU6Scz2esUs;https://i.scdn.co/image/ab67616d0000b273c392a490b0543c472abce37f;Doucenuit;90
Heavens Night;['Sean Larson'];Heavens Night;2022-04-01;3Tk6k58gIMjQln4tDhVPQV;https://i.scdn.co/image/ab67616d0000b2739b18401d35a6683b8d8303a8;Doucenuit;91
Alba;['Helmut Schenker'];Alba;2021-10-29;5eEYSPaVwg4Fe1KCMYunQf;https://i.scdn.co/image/ab67616d0000b273b5ed16f57039fea31a6069ab;Doucenuit;92
Nouvel Agneau;['Eric Badanti'];Nouvel Agneau;2022-06-03;2CTRsFkCzXEafseF4MLRN9;https://i.scdn.co/image/ab67616d0000b273b88c8d104a29fdd17d6a36a3;Doucenuit;93
Patience;['Felix Manzi', 'Felice Manzi'];Patience;2022-04-28;4v5iSQlLPWdakoO0Z2ZrAF;https://i.scdn.co/image/ab67616d0000b27367cae78ad56b56ac510521ce;Doucenuit;94
Deux;['Valerie Renaud'];Deux;2022-04-14;3HZF4X9kNjSDLppU9aw01r;https://i.scdn.co/image/ab67616d0000b27360c45acd09efc786df3ddd63;Doucenuit;95
Hymn;['Matt Lingus'];Hymn;2022-01-21;1fyzSisXLaQ552QD31P4ot;https://i.scdn.co/image/ab67616d0000b2732921d53fb3eae68ea1ab6b0e;Doucenuit;96
Impromptu;['Jacob Hall'];Impromptu;2023-01-06;1oKOIu35J9znIA7JbtVlTK;https://i.scdn.co/image/ab67616d0000b273bcd2a8f32fb06af91f30a438;Doucenuit;97
When The Raindrops Begin To Cry;['Piotr Wiese'];When The Raindrops Begin To Cry;2021-05-28;2x85LEhnRE6mlLrKfwoJuD;https://i.scdn.co/image/ab67616d0000b273227907360a044599df93471e;Doucenuit;98
Son's and Daughter's;['Meyer Wilen'];Son's and Daughter's;2023-01-13;4CTmMZznjMORw49F4HK8u5;https://i.scdn.co/image/ab67616d0000b273a6936f0dc98f20bac361c288;Doucenuit;99
Nocturne;['Francesco Le Metre'];Nocturne;2021-12-17;0poBmYwvWSP2nZYJYbaOu6;https://i.scdn.co/image/ab67616d0000b273d14c90ced7e9df7be493774e;Doucenuit;100
Dracula (with JENNIE);['Tame Impala', 'JENNIE'];Dracula (with JENNIE);2026-02-06;5yvVYFDUpbnjcnRBgjwTzM;https://i.scdn.co/image/ab67616d0000b273c7c031ce9d06b131f8563676;GardeLaPeche;1
Babydoll;['Dominic Fike'];Don't Forget About Me, Demos;2018-10-16;7yNf9YjeO5JXUE3JEBgnYc;https://i.scdn.co/image/ab67616d0000b2737b1b6f41c1645af9757d5616;GardeLaPeche;2
Dai Dai;['Shakira', 'Burna Boy'];Dai Dai;2026-05-14;0kosUz0jePvjiz4ctmR6wL;https://i.scdn.co/image/ab67616d0000b27303cadf1b3fe324c1dc710ed4;GardeLaPeche;3
NUEVAYoL;['Bad Bunny'];DeBÍ TiRAR MáS FOToS;2025-01-05;5TFD2bmFKGhoCRbX61nXY5;https://i.scdn.co/image/ab67616d0000b273bbd45c8d36e0e045ef640411;GardeLaPeche;4
Give Me Everything (feat. Nayer);['Pitbull', 'AFROJACK', 'Ne-Yo', 'Nayer'];Planet Pit (Deluxe Version);2011-06-17;4QNpBfC0zvjKqPJcyqBy9W;https://i.scdn.co/image/ab67616d0000b2731dc7483a9fcfce54822a2f19;GardeLaPeche;5
Golden;['HUNTR/X', 'EJAE', 'AUDREY NUNA', 'REI AMI', 'KPop Demon Hunters Cast'];KPop Demon Hunters (Soundtrack from the Netflix Film);2025-06-20;1CPZ5BxNNd0n0nF4Orb9JS;https://i.scdn.co/image/ab67616d0000b2734dcb6c5df15cf74596ab25a4;GardeLaPeche;6
No Broke Boys;['Disco Lines', 'Tinashe'];No Broke Boys;2025-06-06;3cZajhyr8LmtPfHZ9296tj;https://i.scdn.co/image/ab67616d0000b273699b0363dda94e1f1e32eef5;GardeLaPeche;7
Movin' To The Sun;['HUGEL', 'Imael Angel', 'Ultra Naté'];Movin' To The Sun;2026-05-22;25DgjoTlKK8KjstM4cZ8L2;https://i.scdn.co/image/ab67616d0000b273193241cda50c27e1ce5ba626;GardeLaPeche;8
Beauty And A Beat;['Justin Bieber', 'Nicki Minaj'];Believe (Deluxe Edition);2012-06-15;190jyVPHYjAqEaOGmMzdyk;https://i.scdn.co/image/ab67616d0000b2736c20c4638a558132ba95bc39;GardeLaPeche;9
Save Your Tears;['The Weeknd'];After Hours;2020-03-20;5QO79kh1waicV47BqGRL3g;https://i.scdn.co/image/ab67616d0000b2738863bc11d2aa12b54f5aeb36;GardeLaPeche;10
A Sky Full of Stars;['Coldplay'];Ghost Stories;2014-05-16;0FDzzruyVECATHXKHFs9eJ;https://i.scdn.co/image/ab67616d0000b273e5a95573f1b91234630fd2cf;GardeLaPeche;11
Talk To You (ft. 54 Ultra);['ANOTR', '54 Ultra'];Talk To You (ft. 54 Ultra);2026-03-06;0kl6Ozan3fuUdCl6TlB15v;https://i.scdn.co/image/ab67616d0000b273b42ed7f52290f1583760a7e2;GardeLaPeche;12
DJ Got Us Fallin' In Love (feat. Pitbull);['USHER', 'Pitbull'];Raymond v Raymond (Expanded Edition);2010-03-30;4356Typ82hUiFAynbLYbPn;https://i.scdn.co/image/ab67616d0000b27386b0c9728ad3ed338eaeea79;GardeLaPeche;13
I Took A Pill In Ibiza - Seeb Remix;['Mike Posner', 'Seeb'];At Night, Alone.;2016-05-06;0vbtURX4qv1l7besfwmnD8;https://i.scdn.co/image/ab67616d0000b2731db27fa11dbafa67857da8f3;GardeLaPeche;14
Mr. Know It All;['Teddy Swims'];Mr. Know It All;2026-04-09;2g5kPQh1EexoG8kGZH2nOZ;https://i.scdn.co/image/ab67616d0000b273ecf61285415fd9c2a3f7d384;GardeLaPeche;15
Mi Chico - Official - Jason Derulo x Melody;['DJ Goja', 'Jason Derulo', 'Melody'];Mi Chico (Official - Jason Derulo x Melody);2026-06-26;6c2ZcdXHkEFdsNArdJXrHX;https://i.scdn.co/image/ab67616d0000b273a1eddd41334d7100b94e602a;GardeLaPeche;16
I Just Might;['Bruno Mars'];I Just Might;2026-01-09;12bYYQaLqHliSXvRIYlq8G;https://i.scdn.co/image/ab67616d0000b273e7623a0a60f330ee2b24d498;GardeLaPeche;17
Stumblin' In;['CYRIL'];Stumblin' In;2023-11-10;0h3Xy4V4apMraB5NuM8U7Z;https://i.scdn.co/image/ab67616d0000b2732f04dbbb4ecb78e04f8d09ae;GardeLaPeche;18
Locked Away (feat. Adam Levine);['R. City', 'Adam Levine'];What Dreams Are Made Of;2015-10-09;7x5xYW5W42OGPAdHUyyguy;https://i.scdn.co/image/ab67616d0000b27374b157379e7686df3d0850a4;GardeLaPeche;19
Scream & Shout;['will.i.am', 'Britney Spears'];#willpower;2013-01-01;2iJuuzV8P9Yz0VSurttIV5;https://i.scdn.co/image/ab67616d0000b273e6082141bd7c86ae9f11ea26;GardeLaPeche;20
Just The Way You Are;['Milky'];Just The Way You Are;2002-10-04;7K3Lc3TfSR14aTOjIH7TUj;https://i.scdn.co/image/ab67616d0000b2735054a99f9ce5b356db8d5852;GardeLaPeche;21
Rather Be (feat. Jess Glynne);['Clean Bandit', 'Jess Glynne'];New Eyes;2014-05-09;61dCUoMCg28qEBzrW6htYM;https://i.scdn.co/image/ab67616d0000b2735ef315d54fd701725176292e;GardeLaPeche;22
New Religion;['Bebe Rexha', 'Faithless'];New Religion;2026-03-06;2Lb9ww5vZAnveWnrFQfAKR;https://i.scdn.co/image/ab67616d0000b2731b032b989cb6d28908bde1c6;GardeLaPeche;23
One Kiss (with Dua Lipa);['Calvin Harris', 'Dua Lipa'];96 Months;2024-08-08;76dIZzTdrNO15mGBrU3MHi;https://i.scdn.co/image/ab67616d0000b2738daa8ac6367fc997c1873b9b;GardeLaPeche;24
Hot N Cold;['Katy Perry'];One Of The Boys;2008-06-17;0iGckQFyv6svOfAbAY9aWJ;https://i.scdn.co/image/ab67616d0000b2733f97d4244eff5852477d9ee0;GardeLaPeche;25
Rude Boy;['Rihanna'];Rated R;2009-11-20;60jzFy6Nn4M0iD1d94oteF;https://i.scdn.co/image/ab67616d0000b273ab647295c0c97446c1f1a3b5;GardeLaPeche;26
Mr. Saxobeat - Radio Edit;['Alexandra Stan'];Saxobeats;2011-11-16;3LWDPEXEaLBRGNLbdcbwBR;https://i.scdn.co/image/ab67616d0000b273b787b5b057751c4d5bb5de54;GardeLaPeche;27
Nothing Breaks Like a Heart (feat. Miley Cyrus);['Mark Ronson', 'Miley Cyrus'];Late Night Feelings;2019-06-21;02dRkCEc8Q5ch4TTcnLxOn;https://i.scdn.co/image/ab67616d0000b273de087ae2924d2c1654f60d74;GardeLaPeche;28
How Deep Is Your Love;['Calvin Harris', 'Disciples'];96 Months;2024-08-08;4slBllHFZYlpg3IjeX5CBl;https://i.scdn.co/image/ab67616d0000b2738daa8ac6367fc997c1873b9b;GardeLaPeche;29
Destination Calabria - Radio Edit;['Alex Gaudino', 'Crystal Waters'];Destination Calabria;2007-02-19;5TmFTHZp7HjBXjjsFvCY6h;https://i.scdn.co/image/ab67616d0000b2739ddec2a9c771fcd96ca3fe1d;GardeLaPeche;30
Pilé;['Mauvais djo'];L'undertaker, Pt.1;2025-08-15;6amDI9Dbi93HDAAYiIARjL;https://i.scdn.co/image/ab67616d0000b273138e4b04194cd81beb7a6455;GardeLaPeche;31
Daddy Yankee: Bzrp Music Sessions, Vol. 0/66;['Bizarrap', 'Daddy Yankee'];Daddy Yankee: Bzrp Music Sessions, Vol. 0/66;2025-11-05;2uPMsTEKx79gJ8rB3AcT0v;https://i.scdn.co/image/ab67616d0000b273256e4fd17616bfe624911861;GardeLaPeche;32
Dynamite;['Taio Cruz'];The Rokstarr Hits Collection;2010-01-01;2CEgGE6aESpnmtfiZwYlbV;https://i.scdn.co/image/ab67616d0000b27366c3eb32692a0ae487079cf1;GardeLaPeche;33
Turn The Lights Off - Radio Edit;['Kato', 'Jon'];Turn The Lights Off;2010-01-04;7apywiCuMzvSZIa0SKeH99;https://i.scdn.co/image/ab67616d0000b273b709bed32c87dadd3163d892;GardeLaPeche;34
Think About Us;['Sonny Fodera', 'D.O.D', 'Poppy Baskcomb'];Think About Us;2025-10-17;0lRnxwJeUOxwEvWMw4uQKj;https://i.scdn.co/image/ab67616d0000b2734f623d698447c6ee9394c0ae;GardeLaPeche;35
Save Me Tonight;['Jennifer Lopez', 'David Guetta'];Save Me Tonight;2026-03-06;4WuAr5SE1ZfXxu6OWtykkG;https://i.scdn.co/image/ab67616d0000b273ab06fe415d821163f1372f75;GardeLaPeche;36
ONE TRACK MIND;['Naïka'];ONE TRACK MIND;2026-01-15;0nP8XXnfBQnP3jllQj6f4K;https://i.scdn.co/image/ab67616d0000b273512f0cf488a7ca0837b57dbd;GardeLaPeche;37
Drive Safe;['Myles Smith', 'Niall Horan'];Drive Safe;2026-02-06;024GxR7aMUMCPtp8Y3c1zn;https://i.scdn.co/image/ab67616d0000b2733766b246fa7a30642d617d41;GardeLaPeche;38
ALGO TÚ;['Shakira', 'Beéle'];ALGO TÚ;2026-03-04;1dHbcmMm9bov1q4lG7Q4nQ;https://i.scdn.co/image/ab67616d0000b273e938517baf9bd13b8ba72455;GardeLaPeche;39
Four To The Floor;['Ofenbach', 'Starsailor'];Four To The Floor;2026-05-29;4UrHXNvA6u7Wb68nhjCK20;https://i.scdn.co/image/ab67616d0000b27351f8de6e56e0ea1ec0b98caa;GardeLaPeche;40
What You Want;['Angèle', 'Justice'];What You Want;2026-02-27;7J4dPn4Xg9Op0e8N2tjqkX;https://i.scdn.co/image/ab67616d0000b273dead0548b222459aa1a27ef9;GardeLaPeche;41
San Francisco;['Sound Of Legend'];San Francisco;2026-04-24;3S8uW1FUeNqzaRzwJWRU8g;https://i.scdn.co/image/ab67616d0000b2737c33ebc833dbb13edd1c3913;GardeLaPeche;42
Hypnotized;['Purple Disco Machine', 'Sophie and the Giants'];Exotica;2021-10-15;1zsFr9rPcsMwRtqjDJJpnC;https://i.scdn.co/image/ab67616d0000b273f8358e838064832a3e78fc75;GardeLaPeche;43
Unfaithful;['Blasterjaxx'];Unfaithful;2026-01-09;342is2Mbd5vqTD5HADpRz8;https://i.scdn.co/image/ab67616d0000b273d77e022c8b469f39e355b0fb;GardeLaPeche;44
D.A.N.C.E.;['Justice'];Justice;2007-06-11;33yAEqzKXexYM3WlOYtTfQ;https://i.scdn.co/image/ab67616d0000b2731c0bcf8b536295438d26c70d;GardeLaPeche;45
Madan;['Trinix', 'Thanda Choir'];Madan;2026-03-06;09FK2Wj7NUg7WtSwM7Qbpi;https://i.scdn.co/image/ab67616d0000b273adaaf53d902d1579e349449e;GardeLaPeche;46
Repeat It;['Martin Garrix', 'Ed Sheeran'];Repeat It;2026-05-15;5mX5bEYxObqukGlynRIVCj;https://i.scdn.co/image/ab67616d0000b273296d05fd4b9e99e88f28eac1;GardeLaPeche;47
Temperature;['Sean Paul'];The Trinity;2005-09-27;0svvvbTUgEy79F6Sxweyjo;https://i.scdn.co/image/ab67616d0000b27340d36a5c3e00b6b0e88e574a;GardeLaPeche;48
I Run;['HAVEN.', 'Kaitlin Aragon'];I Run;2025-11-21;1WwQ714xuznu44tEnkem2g;https://i.scdn.co/image/ab67616d0000b273d95b891b1ddb4a6d412efdfd;GardeLaPeche;49
Jamaican (Bam Bam);['HUGEL', 'SOLTO (FR)'];Jamaican (Bam Bam);2025-11-07;1ExjoMeJQxAYtHFke6eW31;https://i.scdn.co/image/ab67616d0000b273121f28faa2fca034a4028a16;GardeLaPeche;50
C'est dur d'aimer;['Jul'];Oubliez-moi;2026-05-15;1a2dh2wtCzMZedHpUjplzv;https://i.scdn.co/image/ab67616d0000b2733b34412fb2ac7137dd255155;FutursHits;1
Une seule vie;['Angèle'];Une seule vie;2026-08-28;5Y3p9cIQH4TxX3sI4ZQIAL;https://i.scdn.co/image/ab67616d0000b27365b0e29e699981c2bfef6687;FutursHits;2
Bass Persuades;['Miley Cyrus'];Bass Persuades;2026-09-03;2FZcjBYK4dTt48q94pJbJD;https://i.scdn.co/image/ab67616d0000b27340e583b55bdddcf70516fa6c;FutursHits;3
Just The Way You Are - David Guetta Remix;['Milky', 'David Guetta'];Just The Way You Are (David Guetta Remix);2026-05-01;5nPg9OfomaVsoSAWsCcOsB;https://i.scdn.co/image/ab67616d0000b273d00886602b59bca918b88a12;FutursHits;4
Animal;['KATSEYE'];Animal (on the dance floor);2026-07-27;0ZdppjPgr8yoNS1xbfqjtG;https://i.scdn.co/image/ab67616d0000b27349a77dd9bebee5e1185f03ae;FutursHits;5
Boss;['Orelsan'];La fuite en avant;2025-11-07;2UjBFkDWYNx3PDJz5brZac;https://i.scdn.co/image/ab67616d0000b2732beb5502e2bf3f0dc99151d8;FutursHits;6
Repeat It;['Martin Garrix', 'Ed Sheeran'];Repeat It;2026-05-15;5mX5bEYxObqukGlynRIVCj;https://i.scdn.co/image/ab67616d0000b273296d05fd4b9e99e88f28eac1;FutursHits;7
Te rencontrer encore;['ESTL'];Te rencontrer encore;2026-04-17;5SqwlP6o9AjDRO1yNu7b09;https://i.scdn.co/image/ab67616d0000b273923bd42b69d51dff8de8c78e;FutursHits;8
The Time Of My Life;['Benson Boone'];The Time Of My Life;2026-06-25;08JkZRttDnq5SkZ9vCPSjJ;https://i.scdn.co/image/ab67616d0000b273719f829cbd2ebda720cd240d;FutursHits;9
Jet Lag;['LUIZA'];Jet Lag;2026-03-20;7fRTjRTHXx2NeDsU6V0585;https://i.scdn.co/image/ab67616d0000b2733e8c766fdcd9021b33bbfb8a;FutursHits;10
The Way We Touch;['Charlotte Cardin'];The Way We Touch;2026-03-13;0fVrUsHbkqg7ISVKufGoLm;https://i.scdn.co/image/ab67616d0000b27373e23d30d9a255fdc8742ca9;FutursHits;11
Uber;['Franglish', 'KeBlack', 'Mauvais djo'];Uber;2026-06-18;7DstNl9Mumkt3ujs7V84qq;https://i.scdn.co/image/ab67616d0000b273d54b808272877637e3eb6a75;FutursHits;12
petal;['Ariana Grande'];petal;2026-07-31;70pVCVMGjmIWPbWXDwf11e;https://i.scdn.co/image/ab67616d0000b2738baf677ee2d8dda6cc9fcbd7;FutursHits;13
Ain't In LA;['ADÉLA'];PRIMA;2026-09-04;6U9VpmP3dEinuezxCJ2Zg9;https://i.scdn.co/image/ab67616d0000b273ac9d5d5263e9f03802d6864c;FutursHits;14
SHE DID IT AGAIN (feat. Zara Larsson);['Tyla', 'Zara Larsson'];SHE DID IT AGAIN (feat. Zara Larsson);2026-04-17;3jucj0h0tajme6rUEadmWN;https://i.scdn.co/image/ab67616d0000b2731b3b814c3566db921e34acd4;FutursHits;15
Emprise;['GIMS'];Emprise;2026-04-24;1x6QQMG0G9jN8wPCMysBCr;https://i.scdn.co/image/ab67616d0000b273bf65ffbd4a8c0734f8eb56da;FutursHits;16
Dis-le;['Angèle'];Dis-le;2026-06-19;58H3IsZi2NemGRCttisETY;https://i.scdn.co/image/ab67616d0000b2731ec690ae09f194029ed6c0a8;FutursHits;17
EMERALD EYES;['Alex Warren'];WILDCHILD;2026-08-28;6Bd6dcMIg6EPfF7cYTWa36;https://i.scdn.co/image/ab67616d0000b2733be802fb2f77d0277f382bae;FutursHits;18
STORM II;['GENER8ION', 'Yung Lean'];STORM;2026-04-24;0FZd4IaxB12sUTKSUUGwWq;https://i.scdn.co/image/ab67616d0000b273f5a3e8908f546883d245acc8;FutursHits;19
Désenchantée 3000;['Blasterjaxx', 'Kate Ryan'];Désenchantée 3000;2026-04-17;7kKk5e4iAABsp1LM02SBBc;https://i.scdn.co/image/ab67616d0000b27382e4061843cfbc5ba7dd7566;FutursHits;20
Je pense à vous;['Pierre de Maere'];Je pense à vous;2026-04-15;0IBFKh0F3jumRYg5nIwsCa;https://i.scdn.co/image/ab67616d0000b273fe0f4630205398653e6074df;FutursHits;21
From Down Here;['Lola Young'];From Down Here;2026-05-22;7Hg7l5aOygIHuaNDVFp3ox;https://i.scdn.co/image/ab67616d0000b273077d76816deabe0f17fcf8fd;FutursHits;22
Sorry Papi;['Topic', 'Becky G'];Sorry Papi;2026-04-24;6AM517ngyZ0EDgnkCHXLgk;https://i.scdn.co/image/ab67616d0000b27386d3b15221a77a06664ea25d;FutursHits;23
Eurosummer - Girls Trip;['Zara Larsson', 'Shakira'];Midnight Sun: Girls Trip;2026-05-01;53fyIvbeN7rfLK1GIZNLDL;https://i.scdn.co/image/ab67616d0000b2736466c2a6a595633aecdf4cc7;FutursHits;24
SLICK;['Victony'];SLICK;2026-07-08;3AcgT1ZcF0e9YknCUD269u;https://i.scdn.co/image/ab67616d0000b273b1356b443072b4f8615af24d;FutursHits;25
Première fois;['Slimane'];Il faut que tu saches;2025-12-04;2yaVFrD8ugHhld6t6Nwaxt;https://i.scdn.co/image/ab67616d0000b2737222767d650d980305524c8d;FutursHits;26
drop dead;['Olivia Rodrigo'];drop dead;2026-04-17;6gkbtMtioHgtyGjrMel6ei;https://i.scdn.co/image/ab67616d0000b273c25b53f0a34aa1bb4f77cb3e;FutursHits;27
On my mind;['Yamê', 'Adekunle Gold'];On my mind;2026-06-26;6gKQMPemGGxgdCgeqNMBBp;https://i.scdn.co/image/ab67616d0000b2732322bd518a3bf9f208a7ee8a;FutursHits;28
Limoncello;['Lucenzo'];Limoncello;2026-05-29;4VvrILL32RdYwaOn1YiReJ;https://i.scdn.co/image/ab67616d0000b273567e3e4ad69c923f80782331;FutursHits;29
conduire;['Louane'];Conduire;2026-03-26;1jhvR9vk43uqt5n4XTCTfN;https://i.scdn.co/image/ab67616d0000b273687cc4ac7588c943a1514017;FutursHits;30
My Body Isn't Ready;['sombr'];My Body Isn't Ready;2026-06-25;79RJg6MqIJlBuedcMqB9F0;https://i.scdn.co/image/ab67616d0000b27355615e9242bd96706c68a743;FutursHits;31
Wagyu;['Mauvais djo'];Wagyu;2026-08-07;7DVtpzEq51TFOYufMlMcD8;https://i.scdn.co/image/ab67616d0000b273ee1d8dc9c26aa9b20179ae28;FutursHits;32
SUPERESTRELLA;['Aitana'];CUARTO AZUL;2025-05-29;6hpuesKPNa3WhV48O7Fa47;https://i.scdn.co/image/ab67616d0000b273e9c382b5b9b3221428da47c2;FutursHits;33
j'me demande;['Ambre'];j'me demande;2026-06-05;2u0lUrmXGvHO2Eu2A7RFWb;https://i.scdn.co/image/ab67616d0000b273c31eefc34ebc62f1dee2d53c;FutursHits;34
OSSESSIONE;['Samurai Jay', 'Vito Salamanca'];OSSESSIONE;2026-02-25;63sQFPGkKfzcK5qEZVefpu;https://i.scdn.co/image/ab67616d0000b2734305c86a243ca7e7db9d710c;FutursHits;35
Nightshift Superstar;['Muse'];Nightshift Superstar;2026-06-05;0ysOBzp8xSrbDenht9mQ9C;https://i.scdn.co/image/ab67616d0000b2736dae912c03a46c0bcdb2ddc5;FutursHits;36
Bring Your Love;['Madonna', 'Sabrina Carpenter'];Bring Your Love;2026-04-30;7rAr4Ai9dysthnfNRRC55Q;https://i.scdn.co/image/ab67616d0000b27347b7b5ebcf7b86d7c22db5ab;FutursHits;37
Ensemble;['Corneille', 'Vitaa'];Ensemble;2026-07-03;4P9fHgmGJgf460F2t7OAie;https://i.scdn.co/image/ab67616d0000b2731589f90fac322563b01be3fd;FutursHits;38
"I Knew It, I Knew You - From ""Toy Story 5""";['Taylor Swift'];"I Knew It, I Knew You (From ""Toy Story 5"")";2026-06-05;5uPaqMMt59KGrdKIitDRqa;https://i.scdn.co/image/ab67616d0000b273a35a1d4983e2b4fd0094f910;FutursHits;39
Balek;['TRIANGLE DES BERMUDES', 'Aya Nakamura', 'MC YOSHI', 'Mauvais djo', 'Kokosvoice'];404;2026-04-03;6FyIByL10DzsD0xMKsa4hL;https://i.scdn.co/image/ab67616d0000b273d90230a78f5a8ae52fb79f27;FutursHits;40
Oops!...I Did It Again;['Britney Spears'];Oops!... I Did It Again;2000-05-16;6naxalmIoLFWR0siv8dnQQ;https://i.scdn.co/image/ab67616d0000b273c50b7d96737041f4bfd844d6;AllOut2000s;1
Yellow;['Coldplay'];Parachutes;2000-07-10;3AJwUDP919kvQ9QcozQPxg;https://i.scdn.co/image/ab67616d0000b2739164bafe9aaa168d93f4816a;AllOut2000s;2
Hung Up;['Madonna'];Confessions on a Dance Floor;2005-11-11;3850dYVgOFIXJh5U4BFEWH;https://i.scdn.co/image/ab67616d0000b273aaa9d84415623c1e790cd07b;AllOut2000s;3
Since U Been Gone;['Kelly Clarkson'];Breakaway;2004-01-17;3xrn9i8zhNZsTtcoWgQEAd;https://i.scdn.co/image/ab67616d0000b27303dadde4d9d305c1c3e0d91c;AllOut2000s;4
The Sweet Escape;['Gwen Stefani', 'Akon'];The Sweet Escape;2006-01-01;07K4GcCDSTiXUF5ssyTRUM;https://i.scdn.co/image/ab67616d0000b273ed29b3ed6596d0bb0df132e1;AllOut2000s;5
"Lady Marmalade - From ""Moulin Rouge"" Soundtrack";['Christina Aguilera', 'Lil Kim', 'Mýa', 'P!nk'];Moulin Rouge;2001-09-03;7GbqE3MlkKosIaCvf50JRK;https://i.scdn.co/image/ab67616d0000b273e6e0891de00a924b0f186d0c;AllOut2000s;6
Meet Me Halfway;['Black Eyed Peas'];THE E.N.D. (THE ENERGY NEVER DIES) [Deluxe Version];2009-01-01;3F9ByoUqu31xU0I3G5xfVg;https://i.scdn.co/image/ab67616d0000b2730bd44f5ff9ecc99f7770acc5;AllOut2000s;7
Stronger;['Britney Spears'];Oops!... I Did It Again;2000-05-16;5QhBKPqsnX1uY9fZNaAtZg;https://i.scdn.co/image/ab67616d0000b273c50b7d96737041f4bfd844d6;AllOut2000s;8
Dilemma;['Nelly', 'Kelly Rowland'];Nellyville;2002-06-25;0ARK753YaiJbpLUk7z5yIM;https://i.scdn.co/image/ab67616d0000b273a8b9f97b9ea065b9a857e93f;AllOut2000s;9
Sk8er Boi;['Avril Lavigne'];Let Go;2002-06-04;00Mb3DuaIH1kjrwOku9CGU;https://i.scdn.co/image/ab67616d0000b273f7ec724fbf97a30869d06240;AllOut2000s;10
4 Minutes (feat. Justin Timberlake & Timbaland);['Madonna', 'Justin Timberlake', 'Timbaland'];Celebration (double disc version);2009-09-18;1oHClQEgDmmbcEx12Kc5nZ;https://i.scdn.co/image/ab67616d0000b2736b44fa8f5415cc4c945117be;AllOut2000s;11
In the End;['Linkin Park'];Hybrid Theory (Bonus Edition);2000-10-24;60a0Rd6pjrkxjPbaKzXjfq;https://i.scdn.co/image/ab67616d0000b273e2f039481babe23658fc719a;AllOut2000s;12
Bring Me To Life;['Evanescence'];Fallen;2003-03-04;0COqiPhxzoWICwFCS4eZcp;https://i.scdn.co/image/ab67616d0000b27325f49ab23f0ec6332efef432;AllOut2000s;13
Flashing Lights;['Kanye West', 'Dwele'];Graduation;2007-09-11;5TRPicyLGbAF2LGBFbHGvO;https://i.scdn.co/image/ab67616d0000b27326f7f19c7f0381e56156c94a;AllOut2000s;14
Feel Good Inc.;['Gorillaz', 'De La Soul'];Demon Days;2005-05-23;0d28khcov6AiegSCpG5TuT;https://i.scdn.co/image/ab67616d0000b273622aefd794f6fe4d8e714358;AllOut2000s;15
Numb;['Linkin Park'];Meteora;2003-03-25;2nLtzopw4rPReszdYBJU6h;https://i.scdn.co/image/ab67616d0000b2735f1f51d14e8bea89484ecd1b;AllOut2000s;16
Without Me;['Eminem'];The Eminem Show;2002-05-26;7lQ8MOhq6IN2w8EYcFNSUk;https://i.scdn.co/image/ab67616d0000b2736ca5c90113b30c3c43ffb8f4;AllOut2000s;17
Don't Tell Me;['Madonna'];Music;2000-09-19;23EhTCPRTlLVM6VQUyh8bH;https://i.scdn.co/image/ab67616d0000b273ae80b0a207008fe96637032c;AllOut2000s;18
Viva La Vida;['Coldplay'];Viva La Vida or Death and All His Friends;2008-06-06;1mea3bSkSGXuIRvnydlB5b;https://i.scdn.co/image/ab67616d0000b273e21cc1db05580b6f2d2a3b6e;AllOut2000s;19
Empire State Of Mind;['JAŸ-Z', 'Alicia Keys'];The Blueprint 3;2009-09-08;2igwFfvr1OAGX9SKDCPBwO;https://i.scdn.co/image/ab67616d0000b273fec1b815bb3c50a64a90fd10;AllOut2000s;20
Promiscuous;['Nelly Furtado', 'Timbaland'];Loose;2006-01-01;2gam98EZKrF9XuOkU13ApN;https://i.scdn.co/image/ab67616d0000b273a6f439c8957170652f9410e2;AllOut2000s;21
How You Remind Me;['Nickelback'];Silver Side Up;2001-09-11;0gmbgwZ8iqyMPmXefof8Yf;https://i.scdn.co/image/ab67616d0000b273699a422d25adc550dc5aa11c;AllOut2000s;22
Can't Stop;['Red Hot Chili Peppers'];By the Way (Deluxe Edition);2002-07-09;3ZOEytgrvLwQaqXreDs2Jx;https://i.scdn.co/image/ab67616d0000b273de1af2785a83cc660155a0c4;AllOut2000s;23
The Scientist;['Coldplay'];A Rush of Blood to the Head;2002-08-27;75JFxkI2RXiU7L9VXzMkle;https://i.scdn.co/image/ab67616d0000b273de09e02aa7febf30b7c02d82;AllOut2000s;24
Don't Stop The Music;['Rihanna'];Good Girl Gone Bad: Reloaded;2008-06-02;0ByMNEPAPpOR5H69DVrTNy;https://i.scdn.co/image/ab67616d0000b273f9f27162ab1ed45b8d7a7e98;AllOut2000s;25
Sex on Fire;['Kings of Leon'];Only By The Night;2008-09-23;0ntQJM78wzOLVeCUAW7Y45;https://i.scdn.co/image/ab67616d0000b2732519d01c0cca06f134eeadd8;AllOut2000s;26
Pumped Up Kicks;['Foster The People'];Torches;2011-05-23;7w87IxuO7BDcJ3YUqCyMTT;https://i.scdn.co/image/ab67616d0000b273121d5f92cf90576907dfb1e5;AllOut2000s;27
Toxic;['Britney Spears'];In The Zone;2003-11-13;6I9VzXrHxO9rA9A5euc8Ak;https://i.scdn.co/image/ab67616d0000b273efc6988972cb04105f002cd4;AllOut2000s;28
Hey There Delilah;['Plain White Ts'];All That We Needed;2005-01-25;4RCWB3V8V0dignt99LZ8vH;https://i.scdn.co/image/ab67616d0000b273beae6e69d6505fd379ef3081;AllOut2000s;29
Californication;['Red Hot Chili Peppers'];Californication (Deluxe Edition);1999-06-08;48UPSzbZjgc449aqz8bxox;https://i.scdn.co/image/ab67616d0000b27394d08ab63e57b0cae74e8595;AllOut2000s;30
Umbrella;['Rihanna', 'JAŸ-Z'];Good Girl Gone Bad: Reloaded;2008-06-02;49FYlytm3dAAraYgpoJZux;https://i.scdn.co/image/ab67616d0000b273f9f27162ab1ed45b8d7a7e98;AllOut2000s;31
Bad Romance;['Lady Gaga'];The Fame Monster (Deluxe Edition);2009-11-05;0SiywuOBRcynK0uKGWdCnn;https://i.scdn.co/image/ab67616d0000b2735c9890c0456a3719eeecd8aa;AllOut2000s;32
Walking On A Dream;['Empire Of The Sun'];Walking On A Dream (10th Anniversary Edition);2008-10-03;5r5cp9IpziiIsR6b93vcnQ;https://i.scdn.co/image/ab67616d0000b273f3aa0e6ca22a382007f61e4d;AllOut2000s;33
Somewhere Only We Know;['Keane'];Hopes And Fears;2004-05-10;1SKPmfSYaPsETbRHaiA18G;https://i.scdn.co/image/ab67616d0000b2737d6cd95a046a3c0dacbc7d33;AllOut2000s;34
The Way I Are;['Timbaland', 'Keri Hilson', 'D.O.E.'];Shock Value;2007-01-01;2bLqfJjuC5syrsgDsZfGmn;https://i.scdn.co/image/ab67616d0000b2734ed674ab91bdc566534f9285;AllOut2000s;35
Clocks;['Coldplay'];A Rush of Blood to the Head;2002-08-27;0BCPKOYdS2jbQ8iyB56Zns;https://i.scdn.co/image/ab67616d0000b273de09e02aa7febf30b7c02d82;AllOut2000s;36
TiK ToK;['Kesha'];Animal (Expanded Edition);2010-01-01;0HPD5WQqrq7wPWR7P7Dw1i;https://i.scdn.co/image/ab67616d0000b27397c7b770b28ffeed164f4d0e;AllOut2000s;37
SexyBack (feat. Timbaland);['Justin Timberlake', 'Timbaland'];FutureSex/LoveSounds;2006-09-12;0O45fw2L5vsWpdsOdXwNAR;https://i.scdn.co/image/ab67616d0000b273c6ba98fd3f3b396a6c6f7091;AllOut2000s;38
Low (feat. T-Pain);['Flo Rida', 'T-Pain'];Mail on Sunday;2008-03-17;0CAfXk7DXMnon4gLudAp7J;https://i.scdn.co/image/ab67616d0000b27349ebebcf0bd7042e5ef931be;AllOut2000s;39
What I've Done;['Linkin Park'];Minutes to Midnight;2007-05-14;18lR4BzEs7e3qzc0KVkTpU;https://i.scdn.co/image/ab67616d0000b2736e996745f2c7b8036abef213;AllOut2000s;40
Hey Ya!;['Outkast'];Speakerboxxx/The Love Below;2003-01-01;2PpruBYCo4H7WOBJ7Q2EwM;https://i.scdn.co/image/ab67616d0000b2736e88eb6508fd94cd1b745ce2;AllOut2000s;41
Heartless;['Kanye West'];808s & Heartbreak;2008-11-24;4EWCNWgDS8707fNSZ1oaA5;https://i.scdn.co/image/ab67616d0000b273346d77e155d854735410ed18;AllOut2000s;42
How to Save a Life;['The Fray'];How To Save A Life;2005-09-13;5fVZC9GiM4e8vu99W0Xf6J;https://i.scdn.co/image/ab67616d0000b27359b8b957f164ce660919f1f4;AllOut2000s;43
I Gotta Feeling;['Black Eyed Peas'];THE E.N.D. (THE ENERGY NEVER DIES) [Deluxe Version];2009-01-01;4kLLWz7srcuLKA7Et40PQR;https://i.scdn.co/image/ab67616d0000b2730bd44f5ff9ecc99f7770acc5;AllOut2000s;44
Gimme More;['Britney Spears'];Blackout;2007-10-25;6ic8OlLUNEATToEFU3xmaH;https://i.scdn.co/image/ab67616d0000b273d0a8bfe18f25429d76886b1e;AllOut2000s;45
Can't Get You out of My Head;['Kylie Minogue'];Fever;2002-11-19;3E7ZwUMJFqpsDOJzEkBrQ7;https://i.scdn.co/image/ab67616d0000b2735d6121285c42ea4535e59048;AllOut2000s;46
Ms. Jackson;['Outkast'];Stankonia;2000-10-31;0I3q5fE6wg7LIfHGngUTnV;https://i.scdn.co/image/ab67616d0000b273153b3d6495031cb813a7451c;AllOut2000s;47
Maneater;['Nelly Furtado'];Loose;2006-01-01;4wH4dJgrsxONID6KS2tDQM;https://i.scdn.co/image/ab67616d0000b273a6f439c8957170652f9410e2;AllOut2000s;48
The Real Slim Shady;['Eminem'];The Marshall Mathers LP;2000-05-23;3yfqSUWxFvZELEM4PmlwIR;https://i.scdn.co/image/ab67616d0000b273dbb3dd82da45b7d7f31b1b42;AllOut2000s;49
Poker Face;['Lady Gaga'];The Fame;2008-01-01;1QV6tiMFM6fSOKOGLMHYYg;https://i.scdn.co/image/ab67616d0000b273e691217483df8798445c82e2;AllOut2000s;50
Temperature;['Sean Paul'];The Trinity;2005-09-27;0k2GOhqsrxDTAbFFSdNJjT;https://i.scdn.co/image/ab67616d0000b2736a8ccb596f3f9c0a5914d4a7;AllOut2000s;51
Right Round;['Flo Rida', 'Kesha'];R.O.O.T.S. (Route of Overcoming the Struggle);2009-03-23;3GpbwCm3YxiWDvy29Uo3vP;https://i.scdn.co/image/ab67616d0000b2737eb51e495a5d31e24e0847cf;AllOut2000s;52
Teenage Dirtbag;['Wheatus'];Wheatus;1999-02-15;25FTMokYEbEWHEdss5JLZS;https://i.scdn.co/image/ab67616d0000b2730a3740efa638f10f14fabc46;AllOut2000s;53
Fix You;['Coldplay'];X&Y;2005-06-07;7LVHVU3tWfcxj5aiPFEW4Q;https://i.scdn.co/image/ab67616d0000b2734e0362c225863f6ae2432651;AllOut2000s;54
Kids;['MGMT'];Oracular Spectacular;2007-12-14;1jJci4qxiYcOHhQR247rEU;https://i.scdn.co/image/ab67616d0000b273abdf7749aeb5229dbf305f03;AllOut2000s;55
Take Me Out;['Franz Ferdinand'];Franz Ferdinand;2004-02-16;20I8RduZC2PWMWTDCZuuAN;https://i.scdn.co/image/ab67616d0000b273a5d1c06a8172d4861367953c;AllOut2000s;56
Chasing Cars;['Snow Patrol'];Eyes Open;2006-01-01;5hnyJvgoWiQUYZttV4wXy6;https://i.scdn.co/image/ab67616d0000b2735da2756220da9b6f17924f8f;AllOut2000s;57
Stronger;['Kanye West'];Graduation;2007-09-11;0j2T0R9dR9qdJYsB7ciXhf;https://i.scdn.co/image/ab67616d0000b27326f7f19c7f0381e56156c94a;AllOut2000s;58
Till I Collapse;['Eminem', 'Nate Dogg'];The Eminem Show;2002-05-26;4xkOaSrkexMciUUogZKVTS;https://i.scdn.co/image/ab67616d0000b2736ca5c90113b30c3c43ffb8f4;AllOut2000s;59
Paparazzi;['Lady Gaga'];The Fame;2008-01-01;02XnQdf7sipaKBBHixz3Zp;https://i.scdn.co/image/ab67616d0000b273e691217483df8798445c82e2;AllOut2000s;60
Say It Right;['Nelly Furtado'];Loose;2006-01-01;2aI21FnmY7TJVKeMaoQZ0t;https://i.scdn.co/image/ab67616d0000b273a6f439c8957170652f9410e2;AllOut2000s;61
Pump It;['Black Eyed Peas'];Monkey Business;2005-01-01;2ygMBIctKIAfbEBcT9065L;https://i.scdn.co/image/ab67616d0000b273c6710b4a52539506c30e5354;AllOut2000s;62
Rock Your Body;['Justin Timberlake'];Justified;2002-11-04;1AWQoqb9bSvzTjaLralEkT;https://i.scdn.co/image/ab67616d0000b273346a5742374ab4cf9ed32dee;AllOut2000s;63
Replay;['Iyaz'];Replay;2009-08-18;4E5P1XyAFtrjpiIxkydly4;https://i.scdn.co/image/ab67616d0000b273ae7012fce99c2b2345b54f30;AllOut2000s;64
One Last Breath;['Creed'];Weathered;2001-01-01;42T2QQv3xgBlpQxaSP7lnK;https://i.scdn.co/image/ab67616d0000b273a32f2ae4dade83e0d7a294f4;AllOut2000s;65
Just Dance;['Lady Gaga', 'Colby ODonis'];The Fame;2008-01-01;1dzQoRqT5ucxXVaAhTcT0J;https://i.scdn.co/image/ab67616d0000b273e691217483df8798445c82e2;AllOut2000s;66
Kryptonite;['3 Doors Down'];The Better Life;2000-01-01;6ZOBP3NvffbU4SZcrnt1k6;https://i.scdn.co/image/ab67616d0000b2732868c4713a3912fd476b42f1;AllOut2000s;67
Island In The Sun;['Weezer'];Weezer;2001-05-15;2MLHyLy5z5l5YRp7momlgw;https://i.scdn.co/image/ab67616d0000b2731e0dc5baaabda304b0ad1815;AllOut2000s;68
It Wasn't Me;['Shaggy', 'Rik Rok'];Hot Shot;2000-08-08;3WkibOpDF7cQ5xntM1epyf;https://i.scdn.co/image/ab67616d0000b2739449f9491c364d28a9668e17;AllOut2000s;69
If I Ain't Got You;['Alicia Keys'];The Diary Of Alicia Keys;2003-12-02;3XVBdLihbNbxUwZosxcGuJ;https://i.scdn.co/image/ab67616d0000b27356ff19308ebeb48e2ba6094b;AllOut2000s;70
Use Somebody;['Kings of Leon'];Only By The Night;2008-09-23;5VGlqQANWDKJFl0MBG3sg2;https://i.scdn.co/image/ab67616d0000b2732519d01c0cca06f134eeadd8;AllOut2000s;71
Disturbia;['Rihanna'];Good Girl Gone Bad: Reloaded;2008-06-02;2VOomzT6VavJOGBeySqaMc;https://i.scdn.co/image/ab67616d0000b273f9f27162ab1ed45b8d7a7e98;AllOut2000s;72
Dani California;['Red Hot Chili Peppers'];Stadium Arcadium;2006-05-09;10Nmj3JCNoMeBQ87uw5j8k;https://i.scdn.co/image/ab67616d0000b27309fd83d32aee93dceba78517;AllOut2000s;73
Family Affair;['Mary J. Blige'];No More Drama;2001-08-28;3aw9iWUQ3VrPQltgwvN9Xu;https://i.scdn.co/image/ab67616d0000b273096a7fc9668305db9d3175fc;AllOut2000s;74
All Falls Down;['Kanye West', 'Syleena Johnson'];The College Dropout;2004-02-10;5SkRLpaGtvYPhw02vZhQQ9;https://i.scdn.co/image/ab67616d0000b27325b055377757b3cdd6f26b78;AllOut2000s;75
Hate It Or Love It;['The Game', '50 Cent'];The Documentary;2005-01-01;2wGSgTmgSF3xjRrHkTc25R;https://i.scdn.co/image/ab67616d0000b273b1d860ab1ba847e778b2796d;AllOut2000s;76
Party In The U.S.A.;['Miley Cyrus'];The Time Of Our Lives (International Version);2009-01-01;3E7dfMvvCLUddWissuqMwr;https://i.scdn.co/image/ab67616d0000b2734ea6653890e297d53e93e3e0;AllOut2000s;77
In Da Club;['50 Cent'];Get Rich Or Die Tryin';2003-02-06;7iL6o9tox1zgHpKUfh9vuC;https://i.scdn.co/image/ab67616d0000b273d843fabb75fef14010e30cae;AllOut2000s;78
Beautiful Girls;['Sean Kingston'];Beautiful Girls;2007-07-23;1hGy2eLcmC8eKx7qr1tOqx;https://i.scdn.co/image/ab67616d0000b2736a45d20e414fbc456ecea553;AllOut2000s;79
The Middle;['Jimmy Eat World'];Bleed American;2001-07-17;6GG73Jik4jUlQCkKg9JuGO;https://i.scdn.co/image/ab67616d0000b27395d1d98c5176e4f982bd73d6;AllOut2000s;80
Forever;['Chris Brown'];Forever;2008-04-29;3NZJlJemX3mzjf56MqC5ML;https://i.scdn.co/image/ab67616d0000b273b0d747e54b78eb460dcb9316;AllOut2000s;81
Kiss Me Thru The Phone;['Soulja Boy', 'Sammie'];iSouljaBoyTellem;2008-01-01;2q4rjDy9WhaN3o9MvDbO21;https://i.scdn.co/image/ab67616d0000b2736aef62bd0a60aac7df9a9e37;AllOut2000s;82
Say My Name;['Destinys Child'];The Writing's On The Wall;1999-07-27;7H6ev70Weq6DdpZyyTmUXk;https://i.scdn.co/image/ab67616d0000b2733718df75b57340c1947747e8;AllOut2000s;83
Womanizer;['Britney Spears'];Circus (Deluxe Version);2008-12-02;4fixebDZAVToLbUCuEloa2;https://i.scdn.co/image/ab67616d0000b2731abb421ac1fbbe52c127015e;AllOut2000s;84
Dog Days Are Over;['Florence + The Machine'];Lungs (Deluxe Version);2009-01-01;456WNXWhDwYOSf5SpTuqxd;https://i.scdn.co/image/ab67616d0000b273003f81b1f4246362638e682d;AllOut2000s;85
Candy Shop;['50 Cent', 'Olivia'];The Massacre;2005-03-03;5D2mYZuzcgjpchVY1pmTPh;https://i.scdn.co/image/ab67616d0000b27391f7222996c531b981e7bb3d;AllOut2000s;86
Pon de Replay;['Rihanna'];Music Of The Sun;2005-08-29;4TsmezEQVSZNNPv5RJ65Ov;https://i.scdn.co/image/ab67616d0000b273b21609e1a2d7c1b7ba8efae2;AllOut2000s;87
Here Without You;['3 Doors Down'];Away From The Sun;2002-11-12;3NLrRZoMF0Lx6zTlYqeIo4;https://i.scdn.co/image/ab67616d0000b27383c39b0d32eb4a2064e1e228;AllOut2000s;88
Lose Yourself;['Eminem'];Just Lose It;2004-01-01;1v7L65Lzy0j0vdpRjJewt1;https://i.scdn.co/image/ab67616d0000b273b6ef2ebd34efb08cb76f6eec;AllOut2000s;89
Dancing in the Moonlight;['Toploader'];Onka's Big Moka;2000-01-01;3Fzlg5r1IjhLk2qRw667od;https://i.scdn.co/image/ab67616d0000b273e16a6534cd5a968a5b725d03;AllOut2000s;90
My Boo;['USHER', 'Alicia Keys'];Confessions (Expanded Edition);2004-03-23;68vgtRHr7iZHpzGpon6Jlo;https://i.scdn.co/image/ab67616d0000b273365b3fb800c19f7ff72602da;AllOut2000s;91
Wherever You Will Go;['The Calling'];Camino Palmero;2001-01-01;5QpaGzWp0hwB5faV8dkbAz;https://i.scdn.co/image/ab67616d0000b273e4cd26d38c6f0661a363bc65;AllOut2000s;92
Welcome to the Black Parade;['My Chemical Romance'];The Black Parade;2006-10-20;5wQnmLuC1W7ATsArWACrgW;https://i.scdn.co/image/ab67616d0000b273663b6ce496144fa5c3670ac0;AllOut2000s;93
Run This Town;['JAŸ-Z', 'Rihanna', 'Kanye West'];The Blueprint 3;2009-09-08;7LR85XLWw2yXqKBSI5brbG;https://i.scdn.co/image/ab67616d0000b273fec1b815bb3c50a64a90fd10;AllOut2000s;94
Stan;['Eminem', 'Dido'];The Marshall Mathers LP;2000-05-23;3UmaczJpikHgJFyBTAJVoz;https://i.scdn.co/image/ab67616d0000b273dbb3dd82da45b7d7f31b1b42;AllOut2000s;95
Bleeding Love;['Leona Lewis'];Spirit;2007-01-01;7wZUrN8oemZfsEd1CGkbXE;https://i.scdn.co/image/ab67616d0000b27334fd9eb8cd48e518598aec55;AllOut2000s;96
Electric Feel;['MGMT'];Oracular Spectacular;2007-12-14;3FtYbEfBqAlGO46NUDQSAt;https://i.scdn.co/image/ab67616d0000b273abdf7749aeb5229dbf305f03;AllOut2000s;97
What Goes Around.../...Comes Around (Interlude);['Justin Timberlake'];FutureSex/LoveSounds;2006-09-12;3pD0f7hSJg2XdQ6udw5Tey;https://i.scdn.co/image/ab67616d0000b273c6ba98fd3f3b396a6c6f7091;AllOut2000s;98
The Next Episode;['Dr. Dre', 'Snoop Dogg'];2001;1999-11-16;4LwU4Vp6od3Sb08CsP99GC;https://i.scdn.co/image/ab67616d0000b2739b19c107109de740bad72df5;AllOut2000s;99
Sugar, We're Goin Down;['Fall Out Boy'];From Under The Cork Tree;2005-05-03;2TfSHkHiFO4gRztVIkggkE;https://i.scdn.co/image/ab67616d0000b27371565eda831124be86c603d5;AllOut2000s;100
Angel;['Shaggy', 'Rayvon'];Hot Shot;2000-08-08;7FDV5ELOJHCGLe52AnttEd;https://i.scdn.co/image/ab67616d0000b2739449f9491c364d28a9668e17;AllOut2000s;101
Crazy;['Gnarls Barkley', 'CeeLo Green', 'Danger Mouse'];St. Elsewhere;2007-12-01;1vxw6aYJls2oq3gW0DujAo;https://i.scdn.co/image/ab67616d0000b273ceb0b3423d21e3da43c58b0b;AllOut2000s;102
SOS;['Rihanna'];A Girl Like Me;2006-04-10;30cSNer6TV8x2utjULVeQ5;https://i.scdn.co/image/ab67616d0000b273d744a51e193d52170070062b;AllOut2000s;103
Whenever, Wherever;['Shakira'];Laundry Service;2001-11-13;2lnzGkdtDj5mtlcOW2yRtG;https://i.scdn.co/image/ab67616d0000b2731f400a1f4d821b00824cf58f;AllOut2000s;104
Thnks fr th Mmrs;['Fall Out Boy'];Infinity On High;2007-01-01;3Zwu2K0Qa5sT6teCCHPShP;https://i.scdn.co/image/ab67616d0000b273da071ae7564949fbbfc6904d;AllOut2000s;105
Ride Wit Me;['Nelly', 'City Spud'];Country Grammar;2000-06-27;3Gf5nttwcX9aaSQXRWidEZ;https://i.scdn.co/image/ab67616d0000b273a7ad64a69a42647de9dd0dad;AllOut2000s;106
By the Way;['Red Hot Chili Peppers'];By the Way (Deluxe Edition);2002-07-09;1f2V8U1BiWaC9aJWmpOARe;https://i.scdn.co/image/ab67616d0000b273de1af2785a83cc660155a0c4;AllOut2000s;107
Gold Digger;['Kanye West', 'Jamie Foxx'];Late Registration;2005-08-30;1PS1QMdUqOal0ai3Gt7sDQ;https://i.scdn.co/image/ab67616d0000b273428d2255141c2119409a31b2;AllOut2000s;108
Fireflies;['Owl City'];Ocean Eyes;2009-01-01;3DamFFqW32WihKkTVlwTYQ;https://i.scdn.co/image/ab67616d0000b273785d4e702802da500fc78b32;AllOut2000s;109
Put Your Records On;['Corinne Bailey Rae'];Corinne Bailey Rae;2006-01-01;2nGFzvICaeEWjIrBrL2RAx;https://i.scdn.co/image/ab67616d0000b2731ec9b096319afbcc2dca6879;AllOut2000s;110
Girlfriend;['Avril Lavigne'];The Best Damn Thing (Expanded Edition);2007-04-17;45hOioMDJktr86iKDHC8gr;https://i.scdn.co/image/ab67616d0000b273476cdf5837ae39eee951cc15;AllOut2000s;111
The Pretender;['Foo Fighters'];Echoes, Silence, Patience & Grace;2007-09-25;7x8dCjCr0x6x2lXKujYD34;https://i.scdn.co/image/ab67616d0000b2739d957247c6c610cb7c4da1c5;AllOut2000s;112
Behind Blue Eyes;['Limp Bizkit'];Results May Vary;2003-01-01;1MTQHCpraD4S8g5PAFKzoj;https://i.scdn.co/image/ab67616d0000b27344971d48c21dbd132f2d506e;AllOut2000s;113
Whatever You Like;['T.I.'];Paper Trail;2008-09-07;1IAzD1muglOxOcPbUHs70R;https://i.scdn.co/image/ab67616d0000b273b6d4478c6f91f1cb2d326c78;AllOut2000s;114
Fallin';['Alicia Keys'];Songs In A Minor;2001-06-05;0KQx6HOpJueiSkztcS0r7D;https://i.scdn.co/image/ab67616d0000b2736d684b553a40e4a11e1db96d;AllOut2000s;115
Hot N Cold;['Katy Perry'];One Of The Boys;2008-06-17;0iGckQFyv6svOfAbAY9aWJ;https://i.scdn.co/image/ab67616d0000b2733f97d4244eff5852477d9ee0;AllOut2000s;116
Cooler Than Me - Single Mix;['Mike Posner', 'Gigamesh'];31 Minutes to Takeoff;2010-08-09;2V4bv1fNWfTcyRJKmej6Sj;https://i.scdn.co/image/ab67616d0000b273d6165c0d6eba7e5bf3fca16d;AllOut2000s;117
Crazy In Love (feat. JAY-Z);['Beyoncé', 'JAŸ-Z'];Dangerously In Love;2003-06-24;5IVuqXILoxVWvWEPm82Jxr;https://i.scdn.co/image/ab67616d0000b27345680a4a57c97894490a01c1;AllOut2000s;118
Live Your Life;['T.I.', 'Rihanna'];Paper Trail;2008-09-07;3jlbL2OTD5YmIunYzgQTAN;https://i.scdn.co/image/ab67616d0000b273b6d4478c6f91f1cb2d326c78;AllOut2000s;119
Cry Me a River;['Justin Timberlake'];Justified;2002-11-04;7Lf7oSEVdzZqTA0kEDSlS5;https://i.scdn.co/image/ab67616d0000b273346a5742374ab4cf9ed32dee;AllOut2000s;120
Clint Eastwood;['Gorillaz', 'Del The Funky Homosapien'];Gorillaz;2001-03-26;1RKUoGiLEbcXN4GY4spQDx;https://i.scdn.co/image/ab67616d0000b273f6c46838e4425ea96e2562fe;AllOut2000s;121
Call on Me - Radio Mix;['Eric Prydz'];Call on Me (Radio Mix);2004-09-10;1xNcBAoUw8Hz6LqK2jt4Ff;https://i.scdn.co/image/ab67616d0000b2731cd65e046a28cef435feff21;AllOut2000s;122
When You Were Young;['The Killers'];Sam's Town;2006-09-27;70wYA8oYHoMzhRRkARoMhU;https://i.scdn.co/image/ab67616d0000b2734f87f14089217e3f70a5f39e;AllOut2000s;123
With You;['Chris Brown'];Exclusive (Expanded Edition);2007-11-06;5Lgcn7u07bHuqbOtXkN62u;https://i.scdn.co/image/ab67616d0000b27339509cc5eadf803928f2f167;AllOut2000s;124
P.I.M.P.;['50 Cent'];Get Rich Or Die Tryin';2003-02-06;3G0yz3DZn3lfraledmBCT0;https://i.scdn.co/image/ab67616d0000b273d843fabb75fef14010e30cae;AllOut2000s;125
Because Of You;['Ne-Yo'];Because Of You;2007-01-01;6CFPFnS9EcLs2I0nWqtWci;https://i.scdn.co/image/ab67616d0000b273ec4f8c81eb9ddee00e01798d;AllOut2000s;126
Wake Me up When September Ends;['Green Day'];American Idiot;2004-09-21;3ZffCQKLFLUvYM59XKLbVm;https://i.scdn.co/image/ab67616d0000b27308a1b1e0674086d3f1995e1b;AllOut2000s;127
Superstar (feat. Matthew Santos);['Lupe Fiasco', 'Matthew Santos'];Lupe Fiasco's The Cool;2007-01-01;7dltD9eEX7X1zk8JJ9BS0e;https://i.scdn.co/image/ab67616d0000b27392ca0c93a0fb7b281e5184d7;AllOut2000s;128
Uprising;['Muse'];The Resistance;2009-09-10;4VqPOruhp5EdPBeR92t6lQ;https://i.scdn.co/image/ab67616d0000b273b6d4566db0d12894a1a3b7a2;AllOut2000s;129
Give It To Me;['Timbaland', 'Justin Timberlake', 'Nelly Furtado'];Shock Value;2007-04-02;0wbDgMuAoy7O7pL3a69uZx;https://i.scdn.co/image/ab67616d0000b273755a9f1e89ad8e8cf91d4956;AllOut2000s;130
Dance, Dance;['Fall Out Boy'];From Under The Cork Tree;2005-05-03;0a7BloCiNzLDD9qSQHh5m7;https://i.scdn.co/image/ab67616d0000b27371565eda831124be86c603d5;AllOut2000s;131
03' Bonnie & Clyde;['JAŸ-Z', 'Beyoncé'];The Blueprint 2: The Gift & The Curse;2002-11-12;5ljCWsDlSyJ41kwqym2ORw;https://i.scdn.co/image/ab67616d0000b273b7c45af95aaf599cee3acf08;AllOut2000s;132
You Found Me;['The Fray'];The Fray;2009-02-02;4IoYz8XqqdowINzfRrFnhi;https://i.scdn.co/image/ab67616d0000b27392b32435efed601fc8f1045d;AllOut2000s;133
Savior;['Rise Against'];Appeal To Reason;2008-01-01;1vcxF91pWs9uNwDROuiCPB;https://i.scdn.co/image/ab67616d0000b273eaa10fffa60de320846c28be;AllOut2000s;134
Whatcha Say;['Jason Derulo'];Jason Derulo (International);2010-02-24;7xkQdy0cy5ymoWT7nedvLz;https://i.scdn.co/image/ab67616d0000b273293e8055dd8814fcdf4742f7;AllOut2000s;135
Hot In Herre;['Nelly'];Nellyville;2002-06-25;04KTF78FFg8sOHC1BADqbY;https://i.scdn.co/image/ab67616d0000b273a8b9f97b9ea065b9a857e93f;AllOut2000s;136
Forgot About Dre;['Dr. Dre', 'Eminem'];2001;1999-11-16;7iXF2W9vKmDoGAhlHdpyIa;https://i.scdn.co/image/ab67616d0000b2739b19c107109de740bad72df5;AllOut2000s;137
21 Guns;['Green Day'];21st Century Breakdown;2009-05-15;64yrDBpcdwEdNY9loyEGbX;https://i.scdn.co/image/ab67616d0000b273c2ced39899b0d67cd5a724fa;AllOut2000s;138
What's Luv? (feat. Ja-Rule & Ashanti);['Fat Joe', 'Ja Rule', 'Ashanti'];Jealous Ones Still Envy (J.O.S.E);2001-12-04;2mKouqwAIdQnMP43zxR89r;https://i.scdn.co/image/35bc49f45c244fa7a8611c9a8975702c298e84b5;AllOut2000s;139
Love in This Club (feat. Young Jeezy);['USHER', 'Jeezy'];Here I Stand;2008-05-27;5j0McHPthKpOXRr3fBq8M0;https://i.scdn.co/image/ab67616d0000b2738be38d9324cc1ccb94ccafd9;AllOut2000s;140
Smile;['Lily Allen'];Alright, Still (Deluxe);2006-07-14;79z9QkhHePTFsSeVw9uyj0;https://i.scdn.co/image/ab67616d0000b273f44ea7ef8d5c793399bae7af;AllOut2000s;141
I'm with You;['Avril Lavigne'];Let Go;2002-06-04;1jlG3KJ3gdYmhfuySFfpO1;https://i.scdn.co/image/ab67616d0000b273f7ec724fbf97a30869d06240;AllOut2000s;142
Starlight;['Muse'];Black Holes and Revelations;2006-06-28;3skn2lauGk7Dx6bVIt5DVj;https://i.scdn.co/image/ab67616d0000b27328933b808bfb4cbbd0385400;AllOut2000s;143
My Immortal;['Evanescence'];Fallen;2003-03-04;4UzVcXufOhGUwF56HT7b8M;https://i.scdn.co/image/ab67616d0000b27325f49ab23f0ec6332efef432;AllOut2000s;144
In Too Deep;['Sum 41'];All Killer, No Filler;2001-01-01;1HNE2PX70ztbEl6MLxrpNL;https://i.scdn.co/image/ab67616d0000b2739a482180e6a306229bff49dc;AllOut2000s;145
So What;['P!nk'];Funhouse (Expanded Edition);2008-10-24;0JiY190vktuhSGN6aqJdrt;https://i.scdn.co/image/ab67616d0000b2735a45d5041e4ffcb9f756f740;AllOut2000s;146
You're Beautiful;['James Blunt'];Back to Bedlam;2005-08-08;0vg4WnUWvze6pBOJDTq99k;https://i.scdn.co/image/ab67616d0000b273b73fd6a26764401feaf4e369;AllOut2000s;147
Alright;['Kendrick Lamar'];To Pimp A Butterfly;2015-03-16;3iVcZ5G6tvkXZkZKlMpIUs;https://i.scdn.co/image/ab67616d0000b273cdb645498cd3d8a2db4d05e1;AllOut2000s;148
1, 2 Step (feat. Missy Elliott);['Ciara', 'Missy Elliott'];Goodies;2004-09-27;7uKcScNXuO3MWw6LowBjW1;https://i.scdn.co/image/ab67616d0000b273c1e3659212de0f437bbf395e;AllOut2000s;149
I Kissed A Girl;['Katy Perry'];One Of The Boys;2008-06-17;14iN3o8ptQ8cFVZTEmyQRV;https://i.scdn.co/image/ab67616d0000b2733f97d4244eff5852477d9ee0;AllOut2000s;150
All I Want for Christmas Is You;['Mariah Carey'];Merry Christmas;1994-10-28;0bYg9bo50gSsH3LtXe2SQn;https://i.scdn.co/image/ab67616d0000b273c0862332847213b151ffab31;ChristmasHits;1
Last Christmas;['Wham!'];LAST CHRISTMAS;1984-11-29;2FRnf9qhLbvw8fu4IBXx78;https://i.scdn.co/image/ab67616d0000b273f2d2adaa21ad616df6241e7d;ChristmasHits;2
Santa Tell Me;['Ariana Grande'];Santa Tell Me;2014-11-24;1ADjWm8QNhgNV8yCNNgQ1T;https://i.scdn.co/image/ab67616d0000b273202a03f8e0f1845194be0a42;ChristmasHits;3
Let It Snow, Let It Snow, Let It Snow;['Dean Martin'];My Kind Of Christmas;2011-09-20;1prYSRBfwPvE3v8jSRZL3Q;https://i.scdn.co/image/ab67616d0000b273e2953a6f877d25aab2075aae;ChristmasHits;4
Underneath the Tree;['Kelly Clarkson'];Wrapped In Red;2013-10-25;3nAp4IvdMPPWEH9uuXFFV5;https://i.scdn.co/image/ab67616d0000b273c87992b7588879f66d192905;ChristmasHits;5
Rockin' Around The Christmas Tree;['Brenda Lee'];Merry Christmas From Brenda Lee;1964-10-19;2EjXfH91m7f8HiJN1yQg97;https://i.scdn.co/image/ab67616d0000b2737845f74d6db14b400fa61cd3;ChristmasHits;6
Holly Jolly Christmas;['Michael Bublé'];Christmas (Deluxe Special Edition);2012-11-09;5PuKlCjfEVIXl0ZBp5ZW9g;https://i.scdn.co/image/ab67616d0000b273119e4094f07a8123b471ac1d;ChristmasHits;7
Jingle Bell Rock;['Bobby Helms'];Jingle Bell Rock/Captain Santa Claus (And His Reindeer Space Patrol);1957-12-02;7vQbuQcyTflfCIOu3Uzzya;https://i.scdn.co/image/ab67616d0000b273fd56f3c7a294f5cfe51c7b17;ChristmasHits;8
The Christmas Song (Merry Christmas To You);['Nat King Cole'];The Christmas Song (Expanded Edition);2018-09-21;4PS1e8f2LvuTFgUs1Cn3ON;https://i.scdn.co/image/ab67616d0000b27330dc6027fd140c7ba68e900c;ChristmasHits;9
Christmas (Baby Please Come Home);['Darlene Love'];Christmas (Baby, Please Come Home);2020-12-04;47ohYW8e7dxCYn9qbUMBCI;https://i.scdn.co/image/ab67616d0000b2734bd42504ca3569f71af64fc8;ChristmasHits;10
Snowman;['Sia'];Everyday Is Christmas (Deluxe Edition);2018-11-01;7uoFMmxln0GPXQ0AcCBXRq;https://i.scdn.co/image/ab67616d0000b273a75e532b61dac3ddafd022ef;ChristmasHits;11
Winter Wonderland - Spotify Singles Holiday;['Laufey'];Spotify Singles Holiday;2023-11-14;1LmkdWSxjCV7wKTPsCvYWN;https://i.scdn.co/image/ab67616d0000b273d16831527ee5c1edd9327b78;ChristmasHits;12
"Carol of the Bells (From ""Home Alone"" Soundtrack)";['John Williams'];Home Alone (Original Motion Picture Soundtrack);1990-01-01;4tHqQMWSqmL6YjXwsqthDI;https://i.scdn.co/image/ab67616d0000b273f497846e25233023ca7cb8b1;ChristmasHits;13
A Nonsense Christmas;['Sabrina Carpenter'];fruitcake;2023-11-17;73ye7F9Ub51dQ3CrnCHFhr;https://i.scdn.co/image/ab67616d0000b2734114a7fb3bf4ed0bf4934b43;ChristmasHits;14
It's the Most Wonderful Time of the Year;['Andy Williams'];The Andy Williams Christmas Album;1963-11-24;5hslUAKq9I9CG2bAulFkHN;https://i.scdn.co/image/ab67616d0000b273bc5b8079eaec602335cc6e5d;ChristmasHits;15
Mistletoe;['Justin Bieber'];Under The Mistletoe (Deluxe Edition);2011-01-01;32OWobmyAz8J2qA8iWekyS;https://i.scdn.co/image/ab67616d0000b273c89563256ae01ba8d4cbce29;ChristmasHits;16
Feliz Navidad;['José Feliciano'];The Definite Best;2001-09-03;7taXf5odg9xCAZERYfyOkS;https://i.scdn.co/image/ab67616d0000b273bf203d76f2bea51656862edd;ChristmasHits;17
Sleigh Ride;['The Ronettes'];A Christmas Gift For You From Phil Spector;1963-01-01;5ASM6Qjiav2xPe7gRkQMsQ;https://i.scdn.co/image/ab67616d0000b2730899a5627109fbfd913f1727;ChristmasHits;18
Run Rudolph Run - Spotify Singles Holiday;['Mark Ambor'];Run Rudolph Run - Spotify Singles Holiday;2024-10-15;6pheMGrfMwwnypqafU7d4k;https://i.scdn.co/image/ab67616d0000b273bd23af25b9cf738eb1abb755;ChristmasHits;19
Santa Claus Is Comin' to Town - Live at C.W. Post College, Greenvale, NY - December 1975;['Bruce Springsteen'];Santa Claus Is Comin' to Town (Live at C.W. Post College, Greenvale, NY - December 1975);1981-01-01;6s2wpWPFPAgKg2LXxi1Oee;https://i.scdn.co/image/ab67616d0000b2736a68798b2ac41fde44823eb5;ChristmasHits;20
Have Yourself A Merry Little Christmas - Remastered 1999;['Frank Sinatra'];A Jolly Christmas From Frank Sinatra;1957-09-01;2FPfeYlrbSBR8PwCU0zaqq;https://i.scdn.co/image/ab67616d0000b27394fd2e614d0862bdd2592594;ChristmasHits;21
Wonderful Christmastime - Edited Version / Remastered 2011;['Paul McCartney'];McCartney II (Special Edition);1980-05-16;1SV1fxF65n9NhRHp3KlBuu;https://i.scdn.co/image/ab67616d0000b2733cef016d13d82873d45af84a;ChristmasHits;22
It's Beginning to Look a Lot like Christmas;['Michael Bublé'];Christmas (Deluxe Special Edition);2012-11-09;5a1iz510sv2W9Dt1MvFd5R;https://i.scdn.co/image/ab67616d0000b273119e4094f07a8123b471ac1d;ChristmasHits;23
You Make It Feel Like Christmas (feat. Blake Shelton);['Gwen Stefani', 'Blake Shelton'];You Make It Feel Like Christmas;2017-10-06;6C81GGUCNbEmR8gMIi0CpH;https://i.scdn.co/image/ab67616d0000b273f452d935f9d67bcb05a455f2;ChristmasHits;24
Step Into Christmas;['Elton John'];Caribou (Remastered);1974-06-28;10HDoLPz2bucGBkoNEjDHW;https://i.scdn.co/image/ab67616d0000b2739e0666c9aaeb23723fc432e2;ChristmasHits;25
It Feels Like Christmas (Spotify Singles Holiday);['Fall Out Boy'];It Feels Like Christmas (Spotify Singles Holiday);2025-10-15;34sUWOEjFKrj8Rzk1HHicq;https://i.scdn.co/image/ab67616d0000b27384c9304d82e5bf785f9380cc;ChristmasHits;26
Hallelujah;['Pentatonix'];A Pentatonix Christmas Deluxe;2017-12-06;0HZk0QsXPhMNAWNDR3rYE8;https://i.scdn.co/image/ab67616d0000b2734170bf990141a556b4dc3b90;ChristmasHits;27
O Come All Ye Faithful - Spotify Singles Holiday;['Jordan Davis'];O Come All Ye Faithful (Spotify Singles Holiday);2025-10-15;6iO6ZLKaJF13fuF5HUFSEM;https://i.scdn.co/image/ab67616d0000b2731bf29653a5e676554463d8cc;ChristmasHits;28
O Holy Night - Spotify Singles Holiday;['Ravyn Lenae'];O Holy Night - Spotify Singles Holiday;2025-10-15;7L3OGWgJMQdXSbY3zgUt1Q;https://i.scdn.co/image/ab67616d0000b27347580ce5990f7594ce767145;ChristmasHits;29
My Only Wish (This Year);['Britney Spears'];My Only Wish (This Year);2000-11-14;0YWUHZPJVg4iujddsJDwhM;https://i.scdn.co/image/ab67616d0000b27316ed688a08ecd351560f4566;ChristmasHits;30
Santa, Can’t You Hear Me;['Kelly Clarkson', 'Ariana Grande'];When Christmas Comes Around...;2021-10-15;2O3MQ6H3gjrIWDcpeTrikT;https://i.scdn.co/image/ab67616d0000b27357f2f787970d13c57dfc7f4b;ChristmasHits;31
Please Come Home for Christmas - 2013 Remaster;['Eagles'];Please Come Home for Christmas / Funky New Year (2013 Remaster);1978-11-27;3QIoEi8Enr9uHffwInGIsC;https://i.scdn.co/image/ab67616d0000b2736d4362a2b2e39422000f8ed3;ChristmasHits;32
Mele Kalikimaka (Merry Christmas);['Bing Crosby', 'The Andrews Sisters'];White Christmas;1945-01-01;04vLj9QUXoKdRlsp3gkURo;https://i.scdn.co/image/ab67616d0000b2738004cd6b343732b0e1e666f5;ChristmasHits;33
Santa Baby;['Laufey'];A Very Laufey Holiday;2024-11-01;4jHl6jgzZOnS4nGamPZ1Uk;https://i.scdn.co/image/ab67616d0000b273723d44f25c6bcc00bcbdea8f;ChristmasHits;34
Christmas Time Is Here - Vocal;['Vince Guaraldi Trio'];A Charlie Brown Christmas [2012 Remastered & Expanded Edition];2012-01-01;06Pfxmp9TtC2H00apclouT;https://i.scdn.co/image/ab67616d0000b273644aec058f5a108fac6ec0fb;ChristmasHits;35
Christmas Tree Farm;['Taylor Swift'];Christmas Tree Farm;2019-12-06;2mvabkN1i2gLnGAPUVdwek;https://i.scdn.co/image/ab67616d0000b273b550071a3fa8e03f6a83f313;ChristmasHits;36
Merry Christmas Everyone - Remastered;['Shakin Stevens'];Merry Christmas Everyone (Remastered);2005-11-26;23lpJkE7jJ4BVQhc3lj0VM;https://i.scdn.co/image/ab67616d0000b2735e50336524ee9a3cfac867ad;ChristmasHits;37
Happy Xmas (War Is Over) - Remastered 2010;['John Lennon', 'Yoko Ono'];Signature Box;2010-10-05;27RYrbL6S02LNVhDWVl38b;https://i.scdn.co/image/ab67616d0000b27361a389971d7842d02b0623ab;ChristmasHits;38
Little Saint Nick - 1991 Remix;['The Beach Boys'];The Beach Boys' Christmas Album;1964-11-09;5xlS0QkVrSH7ssEbBgBzbM;https://i.scdn.co/image/ab67616d0000b27308c270b3ef1602ff84ed2c05;ChristmasHits;39
Fairytale of New York (feat. Kirsty MacColl) - Edit;['The Pogues', 'Kirsty MacColl'];Fairytale of New York (feat. Kirsty MacColl) [Edit];1988-01-01;4soJpnUFA0SPs7XTi6QIVp;https://i.scdn.co/image/ab67616d0000b273312c382a6889caa7ee8b3cc5;ChristmasHits;40
It's Beginning to Look a Lot Like Christmas (with Mitchell Ayres & His Orchestra);['Perry Como', 'The Fontane Sisters', 'Mitchell Ayres & His Orchestra'];Greatest Christmas Songs;1999-08-23;2pXpURmn6zC5ZYDMms6fwa;https://i.scdn.co/image/ab67616d0000b273d5f598be32d3027b9578ecd6;ChristmasHits;41
Where Are You Christmas?;['The Pretty Reckless'];Where Are You Christmas?;2025-10-10;7zqv6rEbwXksyE0tk9RCO1;https://i.scdn.co/image/ab67616d0000b27397f089e76c9d1062ed3a5a42;ChristmasHits;42
What Christmas Means to Me (feat. Stevie Wonder);['John Legend', 'Stevie Wonder'];A Legendary Christmas;2019-11-08;13XMz3rpVYITzjFIsSYlZ1;https://i.scdn.co/image/ab67616d0000b2730e9f1f0031a5d063bd4325eb;ChristmasHits;43
Merry Christmas;['Ed Sheeran', 'Elton John'];= (Christmas Edition);2021-12-01;0aoUM0zcu0kCX7Cv7O939I;https://i.scdn.co/image/ab67616d0000b273442f8c48ad3cc14f1de383fd;ChristmasHits;44
Deck The Hall;['Nat King Cole'];The Christmas Song (Expanded Edition);2018-09-21;0rHToGels2lt8Y0mCYoF90;https://i.scdn.co/image/ab67616d0000b27330dc6027fd140c7ba68e900c;ChristmasHits;45
White Christmas - 1947 Version;['Bing Crosby', 'Ken Darby Singers', 'John Scott Trotter & His Orchestra'];Holiday Inn (Original Motion Picture Soundtrack);1942-01-01;4so0Wek9Ig1p6CRCHuINwW;https://i.scdn.co/image/ab67616d0000b2735e8ed9b5848e7139dc087c48;ChristmasHits;46
Ave Maria;['Céline Dion'];These are Special Times;1998-10-30;7v6DvsyQHmsQQhmVDmrnZg;https://i.scdn.co/image/ab67616d0000b2733095cc2cb7ce3079685d4787;ChristmasHits;47
Blue Christmas;['Elvis Presley'];Elvis' Christmas Album;1957-10-15;3QiAAp20rPC3dcAtKtMaqQ;https://i.scdn.co/image/ab67616d0000b273a2a6d54759001ebdfe9a37a1;ChristmasHits;48
Driving Home for Christmas - Spotify Singles Holiday;['Dasha'];Driving Home for Christmas - Spotify Singles Holiday;2024-10-15;2gciS7UJjv59l7608DFGNl;https://i.scdn.co/image/ab67616d0000b27302c9e155c87ab1f28130f9fc;ChristmasHits;49
Let It Snow! Let It Snow! Let It Snow! (with The B. Swanson Quartet);['Frank Sinatra', 'B. Swanson Quartet'];Christmas Songs By Sinatra;1948-01-01;7inXu0Eaeg02VsM8kHNvzM;https://i.scdn.co/image/ab67616d0000b273ab635079e314b1b477a39485;ChristmasHits;50
Merry Christmas, Please Don't Call;['Bleachers'];Merry Christmas, Please Don't Call;2024-11-13;0UOG0zUn7t8m8QcxfzR7AH;https://i.scdn.co/image/ab67616d0000b2737fbed05d7226834da74c652b;ChristmasHits;51
Here Comes Santa Claus (Right Down Santa Claus Lane) - 1947 Version;['Gene Autry'];Rudolph The Red Nosed Reindeer And Other Christmas Classics;1947-01-01;25leEEaz1gIpp7o21Fqyjo;https://i.scdn.co/image/ab67616d0000b27361b80b3738446f5eedc3610d;ChristmasHits;52
Do They Know It's Christmas? - 1984 Version;['Band Aid'];Do They Know It’s Christmas?;1984-11-25;4Yg2w0P29BBBMixyeNjDtj;https://i.scdn.co/image/ab67616d0000b273d549b09f0264901929eaa6e8;ChristmasHits;53
Like It's Christmas;['Jonas Brothers'];Like It's Christmas;2019-11-08;1OjmlSFuzYflWjSMTCyTJv;https://i.scdn.co/image/ab67616d0000b273e393950ed26cf61970d1e798;ChristmasHits;54
Rudolph The Red-Nosed Reindeer;['Burl Ives'];Have A Holly Jolly Christmas;1965-10-01;47otoIkhx3fkdivEXL5OB6;https://i.scdn.co/image/ab67616d0000b273efe2a536761d4f8e8401ae62;ChristmasHits;55
Thank God It's Christmas;['Queen'];Greatest Hits III;1999-11-09;0QtJZpyfZF67QF32p41NXa;https://i.scdn.co/image/ab67616d0000b273a12daf02bea0c11ac2be610a;ChristmasHits;56
I'll Be Home;['Meghan Trainor'];A Very Trainor Christmas;2020-10-30;0YupMLYOYz6lZDbN3kRt7A;https://i.scdn.co/image/ab67616d0000b273de0ced4daafb33f41d1e316d;ChristmasHits;57
Baby It's Cold Outside (with Michael Bublé);['Idina Menzel', 'Michael Bublé'];Holiday Wishes;2014-10-10;0Ie5uiv54KgCr7P4sYDTHl;https://i.scdn.co/image/ab67616d0000b273b942e9ff43d692b700328ecc;ChristmasHits;58
Hard Candy Christmas;['Dolly Parton'];Once Upon A Christmas;1984-10-29;0uTVChzibEWKrXojPaJ9y1;https://i.scdn.co/image/ab67616d0000b2737b38f229912151ab149f7930;ChristmasHits;59
Jingle Bells;['Frank Sinatra'];Ultimate Christmas;2017-10-06;4KV9bM7a1KDc7b7OakFZic;https://i.scdn.co/image/ab67616d0000b273292a3767391b5767f95e708f;ChristmasHits;60
Christmas Eve / Sarajevo 12/24 - Instrumental;['Trans-Siberian Orchestra'];Christmas Eve and Other Stories;1996-10-15;3sBnSBnzpEYKpJYGsAIbup;https://i.scdn.co/image/ab67616d0000b2733bda6f88e47e64a148c544e1;ChristmasHits;61
Holiday Road - Spotify Singles Holiday;['Kesha'];Holiday Road - Spotify Singles Holiday;2024-10-15;6hZvOA9oBZZM812GNDLjEb;https://i.scdn.co/image/ab67616d0000b273b173aca06ecb8cb2137c50e5;ChristmasHits;62
Merry Christmas, Happy Holidays;['*NSYNC'];The Winter Album;1998-11-11;5SyQ5OhqrkJGb35V7RBoL0;https://i.scdn.co/image/ab67616d0000b2738177d68da5125f5e2df5a473;ChristmasHits;63
Mary, Did You Know?;['Pentatonix'];The Greatest Christmas Hits;2023-10-20;4aCqRYHavLWbUCuoBjh7Xs;https://i.scdn.co/image/ab67616d0000b2731d6570533d1cabbeb68a21b4;ChristmasHits;64
I Saw Mommy Kissing Santa Claus;['The Jackson 5'];Christmas Album;1970-10-15;15sxLiiChE5dCW3Y756oas;https://i.scdn.co/image/ab67616d0000b27308a0fe33e91b991d2c9c9cde;ChristmasHits;65
One More Sleep;['Leona Lewis'];Christmas, With Love;2013-12-02;78pn8k7RogKo2oxl0DyX6d;https://i.scdn.co/image/ab67616d0000b273b9eeb2705c983089c2412a80;ChristmasHits;66
Santa Baby (with Henri René & His Orchestra);['Eartha Kitt', 'Henri René and His Orchestra'];Heavenly Eartha;2002-01-01;1foCxQtxBweJtZmdxhEHVO;https://i.scdn.co/image/ab67616d0000b273cfbcba7cc35a40e08e5aff67;ChristmasHits;67
Do You Hear What I Hear? - Remastered 2006;['Bing Crosby'];Bing Crosby - Christmas Classics;2006-01-01;5aDoUmxBsbdpS16alksb5Z;https://i.scdn.co/image/ab67616d0000b2737459a0913548d00ff4455259;ChristmasHits;68
Last Christmas;['Ariana Grande'];Christmas Kisses;2013-01-01;5xDrO9DEDJGUQGfyoHvgDJ;https://i.scdn.co/image/ab67616d0000b2730c053ee476f7ce576369241e;ChristmasHits;69
DJ Play A Christmas Song;['Cher'];Christmas;2023-10-20;18uSfZqFBxQFi8CsXOIbhy;https://i.scdn.co/image/ab67616d0000b273f0ea030731a11fa6def90353;ChristmasHits;70
Run Rudolph Run;['Chuck Berry'];Rock 'N' Roll Rarities;1986-01-01;2pnPe4pJtq7689i5ydzvJJ;https://i.scdn.co/image/ab67616d0000b27339807cff601735a3dec9e24c;ChristmasHits;71
Winter Wonderland - Remastered 2006;['Bing Crosby'];Bing Crosby - Christmas Classics;2006-01-01;2IuUMx3uxxJAHcH41aYtn0;https://i.scdn.co/image/ab67616d0000b2737459a0913548d00ff4455259;ChristmasHits;72
Silent Night;['Teddy Swims'];A Very Teddy Christmas;2021-10-15;1rRb8IFx7OYqlZnt6ag7cP;https://i.scdn.co/image/ab67616d0000b273ec399284dc09c328d7a901aa;ChristmasHits;73
Frosty The Snowman;['Ella Fitzgerald'];Christmas;2015-01-01;6MPpnJDLk37GEIM0iGGITd;https://i.scdn.co/image/ab67616d0000b2736d47498c7ac4b8ffa0445e9f;ChristmasHits;74
Driving Home for Christmas;['Chris Rea'];The Works;2007-11-10;3Z3QhZAZpqwZa1phsbQ3JZ;https://i.scdn.co/image/ab67616d0000b273d07faee12aa7e1f801a74264;ChristmasHits;75
We Wish You The Merriest;['Seth MacFarlane', 'Liz Gillies'];We Wish You The Merriest;2023-09-28;6ImuFqEAZf9dkpuYahSr0K;https://i.scdn.co/image/ab67616d0000b2735f357f6c3ad0d3ae5fe0fdde;ChristmasHits;76
Christmas (Baby Please Come Home);['Mariah Carey'];Merry Christmas;1994-10-28;3PIDciSFdrQxSQSihim3hN;https://i.scdn.co/image/ab67616d0000b273c0862332847213b151ffab31;ChristmasHits;77
This Christmas;['Donny Hathaway'];A Donny Hathaway Collection;2007-01-29;38xhBO2AKrJnjdjVnhJES6;https://i.scdn.co/image/ab67616d0000b273d5963216e0078f6616715c9a;ChristmasHits;78
Someday At Christmas;['Stevie Wonder'];Someday At Christmas (Expanded Edition);2004-09-21;0OdTRhhGt8aq4UXh67CKQg;https://i.scdn.co/image/ab67616d0000b273140aad15d3534ee70bfd4561;ChristmasHits;79
Sleigh Ride;['Ella Fitzgerald'];Ella Wishes You A Swinging Christmas (Expanded Edition);1960-01-01;79a2ejVzj2SpXkpWdfv1Co;https://i.scdn.co/image/ab67616d0000b273f8daf45f645da3cae641a008;ChristmasHits;80
Christmas In Hollis;['Run–D.M.C.'];Tougher Than Leather (Expanded Edition);1988-09-16;41onDks2UPbyjer5fMeUWf;https://i.scdn.co/image/ab67616d0000b27315cfde01c2c08b28edbb4b4f;ChristmasHits;81
I Wish It Could Be Christmas Everyday;['Wizzard'];I Wish It Could Be Christmas Everyday;2007-11-19;1mH6tZC6iXIHPI6EixCwxw;https://i.scdn.co/image/ab67616d0000b2739109e03c3af357db6c39c085;ChristmasHits;82
The First Noël (with Faith Hill);['Josh Groban', 'Faith Hill'];Noël (Deluxe Edition);2017-11-03;5fhjN7E4rV0GqsRSQBsWeo;https://i.scdn.co/image/ab67616d0000b273785b79f97d1407494f105798;ChristmasHits;83
Here Comes Santa Claus (Right Down Santa Claus Lane);['Elvis Presley'];Elvis' Christmas Album;1957-10-15;7n7VsX3sv66znBwA8b5uhp;https://i.scdn.co/image/ab67616d0000b273a2a6d54759001ebdfe9a37a1;ChristmasHits;84
The Prayer;['Céline Dion', 'Andrea Bocelli'];These are Special Times;1998-10-30;6zlY4xmlgqvn4LxjzoS2mz;https://i.scdn.co/image/ab67616d0000b2733095cc2cb7ce3079685d4787;ChristmasHits;85
Joy To The World;['Nat King Cole'];Christmas With Nat, Dean And Bing;1994-01-01;5jjsm4Jjq8xjDaue3rW9Go;https://i.scdn.co/image/ab67616d0000b273969c862bfc35d970690f3557;ChristmasHits;86
Cozy Little Christmas;['Katy Perry'];Cozy Little Christmas;2018-11-15;02FaKXXL7KUtRc7K0k54tL;https://i.scdn.co/image/ab67616d0000b273b24ac6c9632013d83ee90876;ChristmasHits;87
Lonely This Christmas;['Mud'];A's, B's And Rarities;2004-01-01;5DMItYJluCFc7YtFdP4aXo;https://i.scdn.co/image/ab67616d0000b27379fb80e5cd7fbc8be0f08b9a;ChristmasHits;88
Jingle Bell Rock - Daryl's Version;['Daryl Hall & John Oates'];Jingle Bell Rock;1983-11-01;6pVW5LRWgeLaHudxauOTJU;https://i.scdn.co/image/ab67616d0000b273758f7f6791ee819e6c2999b4;ChristmasHits;89
Christmas Lights;['Coldplay'];Christmas Lights;2010-12-01;4fzyvSu73BhGvi96p2zwjL;https://i.scdn.co/image/ab67616d0000b2735f30d36db3dd22681531d1da;ChristmasHits;90
Viva La Vida;['Coldplay'];Viva La Vida or Death and All His Friends;2008-06-06;1mea3bSkSGXuIRvnydlB5b;https://i.scdn.co/image/ab67616d0000b273e21cc1db05580b6f2d2a3b6e;ColdplayRadio;1
Riptide;['Vance Joy'];Dream Your Life Away (Deluxe Edition);2014-08-05;2uXlHCUbq9OMUwx3hrk06o;https://i.scdn.co/image/ab67616d0000b27305d081cbdc2f67d37a364d63;ColdplayRadio;2
Iris;['The Goo Goo Dolls'];Dizzy up the Girl;1998-01-01;6Qyc6fS4DsZjB2mRW9DsQs;https://i.scdn.co/image/ab67616d0000b273eda9478c39a21e1cdc6609ca;ColdplayRadio;3
Something Just Like This;['The Chainsmokers', 'Coldplay'];Memories...Do Not Open;2017-04-07;6RUKPb4LETWmmr3iAEQktW;https://i.scdn.co/image/ab67616d0000b2730c13d3d5a503c84fcc60ae94;ColdplayRadio;4
Photograph;['Ed Sheeran'];x (Wembley Edition);2013-01-01;6fxVffaTuwjgEk5h9QyRjy;https://i.scdn.co/image/ab67616d0000b273d08209944468440145f01524;ColdplayRadio;5
Yellow;['Coldplay'];Parachutes;2000-07-10;3AJwUDP919kvQ9QcozQPxg;https://i.scdn.co/image/ab67616d0000b2739164bafe9aaa168d93f4816a;ColdplayRadio;6
Let Her Go;['Passenger'];All the Little Lights;2012-02-24;4bzBPrGYD3fQfAadLgIiwT;https://i.scdn.co/image/ab67616d0000b2732753d9786604e09ebdbf0244;ColdplayRadio;7
She Will Be Loved - Radio Mix;['Maroon 5'];Songs About Jane: 10th Anniversary Edition;2002-01-01;4llK75pXNWZz6KAho2Gp16;https://i.scdn.co/image/ab67616d0000b27392f2d790c6a97b195f66d51e;ColdplayRadio;8
Pompeii;['Bastille'];Bad Blood;2013-01-01;6fNhZRFEkBfgW39W3wKARJ;https://i.scdn.co/image/ab67616d0000b273b89cf022db28fa31376e0ed8;ColdplayRadio;9
Clocks;['Coldplay'];A Rush of Blood to the Head;2002-08-27;0BCPKOYdS2jbQ8iyB56Zns;https://i.scdn.co/image/ab67616d0000b273de09e02aa7febf30b7c02d82;ColdplayRadio;10
Another Love;['Tom Odell'];Long Way Down;2013-06-17;7jtQIBanIiJOMS6RyCx6jZ;https://i.scdn.co/image/ab67616d0000b2731b51f809c31f0d98f67c0b7d;ColdplayRadio;11
How to Save a Life;['The Fray'];How To Save A Life;2005-09-13;5fVZC9GiM4e8vu99W0Xf6J;https://i.scdn.co/image/ab67616d0000b27359b8b957f164ce660919f1f4;ColdplayRadio;12
Just the Way You Are;['Bruno Mars'];Doo-Wops & Hooligans;2010-05-11;7BqBn9nzAq8spo5e7cZ0dJ;https://i.scdn.co/image/ab67616d0000b2737039c1c841fc3dfa2ad8a0d8;ColdplayRadio;13
The Night We Met;['Lord Huron'];Strange Trails;2015-04-07;5yJaXWIErrrsjQ3J0eR5aK;https://i.scdn.co/image/ab67616d0000b273b4916183f769aca218acb85f;ColdplayRadio;14
We Are Young (feat. Janelle Monáe);['fun.', 'Janelle Monáe'];Some Nights;2012-02-14;5rgy6ghBq1eRApCkeUdJXf;https://i.scdn.co/image/ab67616d0000b273a036e1724bc7f2bab15cfda8;ColdplayRadio;15
Fix You;['Coldplay'];X&Y;2005-06-07;7LVHVU3tWfcxj5aiPFEW4Q;https://i.scdn.co/image/ab67616d0000b2734e0362c225863f6ae2432651;ColdplayRadio;16
As It Was;['Harry Styles'];Harry's House;2022-05-20;4Dvkj6JhhA12EX05fT7y2e;https://i.scdn.co/image/ab67616d0000b27382ce362511fb3d9dda6578ee;ColdplayRadio;17
Wonderwall - Remastered;['Oasis'];(What's The Story) Morning Glory? [Remastered];1995-10-02;5qqabIl2vWzo9ApSC317sa;https://i.scdn.co/image/ab67616d0000b27385e5dcc05cc216a10f141480;ColdplayRadio;18
Wake Me Up;['Avicii'];True;2013-01-01;3B0irDyS69y5eAz15xV2Ee;https://i.scdn.co/image/ab67616d0000b273162c5d6dbf1dc3965d1a391a;ColdplayRadio;19
I'm Yours;['Jason Mraz'];We Sing. We Dance. We Steal Things.;2008-05-01;1EzrEOXmMH3G43AXT1y7pA;https://i.scdn.co/image/ab67616d0000b273125b1a330b6f6100ab19dbed;ColdplayRadio;20
The Scientist;['Coldplay'];A Rush of Blood to the Head;2002-08-27;75JFxkI2RXiU7L9VXzMkle;https://i.scdn.co/image/ab67616d0000b273de09e02aa7febf30b7c02d82;ColdplayRadio;21
All of Me;['John Legend'];Love In The Future (Expanded Edition);2013-08-30;3U4isOIWM3VvDubwSI3y7a;https://i.scdn.co/image/ab67616d0000b273bdcc3b587b5249932bc415c2;ColdplayRadio;22
Story of My Life;['One Direction'];Midnight Memories (Deluxe);2013-11-25;4nVBt6MZDDP6tRVdQTgxJg;https://i.scdn.co/image/ab67616d0000b2733cf0191cca87a4bc7e34bc4a;ColdplayRadio;23
You're Beautiful;['James Blunt'];Back to Bedlam;2004-11-01;3vsNteZn6E5qBSSBO78W7b;https://i.scdn.co/image/ab67616d0000b27316d010d1912ff2e440ad3cc9;ColdplayRadio;24
Stay With Me;['Sam Smith'];In The Lonely Hour (Deluxe);2014-01-01;5MxWTfmlmRDx6VZHvB9xV8;https://i.scdn.co/image/ab67616d0000b273aeca5ce27cb0041319cbb734;ColdplayRadio;25
Paradise;['Coldplay'];Mylo Xyloto;2011-10-19;7wBrglFVTNCcW6IhdgBkm1;https://i.scdn.co/image/ab67616d0000b2732e62096e4daf8cd0d29fda48;ColdplayRadio;26
All I Want;['Kodaline'];In A Perfect World (Expanded Edition);2013-06-17;0NlGoUyOJSuSHmngoibVAs;https://i.scdn.co/image/ab67616d0000b2733e42854096da9a3b1ca901c9;ColdplayRadio;27
Take Me To Church;['Hozier'];Hozier;2014-09-19;3dYD57lRAUcMHufyqn9GcI;https://i.scdn.co/image/ab67616d0000b2737a9bf5f82e32d33d4503fe7b;ColdplayRadio;28
Sign of the Times;['Harry Styles'];Harry Styles;2017-05-12;5Ohxk2dO5COHF1krpoPigN;https://i.scdn.co/image/ab67616d0000b2733f8b8a9c71b2bd2f3019940b;ColdplayRadio;29
A Sky Full of Stars;['Coldplay'];Ghost Stories;2014-05-16;0FDzzruyVECATHXKHFs9eJ;https://i.scdn.co/image/ab67616d0000b273e5a95573f1b91234630fd2cf;ColdplayRadio;30
Ho Hey;['The Lumineers'];The Lumineers;2012-04-03;0DwClY2t9YAWHBROMIgrXb;https://i.scdn.co/image/ab67616d0000b273f350c13195ce048876b5fea4;ColdplayRadio;31
a thousand years;['Christina Perri'];a thousand years;2011-10-18;6lanRgr6wXibZr8KgzXxBl;https://i.scdn.co/image/ab67616d0000b2733dea4a2ccd58ad1f8e4dbb03;ColdplayRadio;32
Hey, Soul Sister;['Train'];Save Me, San Francisco (Golden Gate Edition);2010-12-01;4HlFJV71xXKIGcU3kRyttv;https://i.scdn.co/image/ab67616d0000b2736ff8bc258e3ebc835ffe14ca;ColdplayRadio;33
Night Changes;['One Direction'];FOUR (Deluxe);2014-11-17;5O2P9iiztwhomNh8xkR9lJ;https://i.scdn.co/image/ab67616d0000b27334a29f220057810cce98e1b4;ColdplayRadio;34
Bitter Sweet Symphony - Remastered 2016;['The Verve'];Urban Hymns (Remastered 2016);1997-09-29;57iDDD9N9tTWe75x6qhStw;https://i.scdn.co/image/ab67616d0000b273707d13d3f87652e737e94d45;ColdplayRadio;35
In My Place;['Coldplay'];A Rush of Blood to the Head;2002-08-27;2nvC4i2aMo4CzRjRflysah;https://i.scdn.co/image/ab67616d0000b273de09e02aa7febf30b7c02d82;ColdplayRadio;36
Sugar;['Maroon 5'];V;2014-09-02;2iuZJX9X9P0GKaE93xcPjk;https://i.scdn.co/image/ab67616d0000b273442b53773d50e1b5369bb16c;ColdplayRadio;37
Someone Like You;['Adele'];21;2011-01-19;5lkpeJwmQKgY3bX2zChjxX;https://i.scdn.co/image/ab67616d0000b273827945d7638c464bca9fc647;ColdplayRadio;38
Titanium (feat. Sia);['David Guetta', 'Sia'];Nothing but the Beat 2.0;2011-08-24;0lHAMNU8RGiIObScrsRgmP;https://i.scdn.co/image/ab67616d0000b27387e2f8346625bb6fd20d52be;ColdplayRadio;39
Watermelon Sugar;['Harry Styles'];Fine Line;2019-12-13;6UelLqGlWMcVH1E5c4H7lY;https://i.scdn.co/image/ab67616d0000b27325180571abce9472f61bd722;ColdplayRadio;40
Speed of Sound;['Coldplay'];X&Y;2005-06-07;7clUVcSOtkNWa58Gw5RfD4;https://i.scdn.co/image/ab67616d0000b2734e0362c225863f6ae2432651;ColdplayRadio;41
Castle on the Hill;['Ed Sheeran'];÷ (Deluxe);2017-03-03;6PCUP3dWmTjcTtXY02oFdT;https://i.scdn.co/image/ab67616d0000b273ba5db46f4b838ef6027e6f96;ColdplayRadio;42
Every Breath You Take;['The Police'];Synchronicity (Remastered 2003);1983-06-17;1JSTJqkT5qHq8MDJnJbRE1;https://i.scdn.co/image/ab67616d0000b273c8e97cafeb2acb85b21a777e;ColdplayRadio;43
Dusk Till Dawn (feat. Sia) - Radio Edit;['ZAYN', 'Sia'];Icarus Falls;2018-12-14;3e7sxremeOE3wTySiOhGiP;https://i.scdn.co/image/ab67616d0000b2732898dd297362decb2ae8b6f4;ColdplayRadio;44
Hymn for the Weekend;['Coldplay'];A Head Full of Dreams;2015-12-04;3RiPr603aXAoi4GHyXx0uy;https://i.scdn.co/image/ab67616d0000b2738ff7c3580d429c8212b9a3b6;ColdplayRadio;45
Locked out of Heaven;['Bruno Mars'];Unorthodox Jukebox;2012-12-05;5g7sDjBhZ4I3gcFIpkrLuI;https://i.scdn.co/image/ab67616d0000b27349055dce3554e72e82082980;ColdplayRadio;46
Budapest;['George Ezra'];Wanted on Voyage (Expanded Edition);2014-06-30;2ixsaeFioXJmMgkkbd4uj1;https://i.scdn.co/image/ab67616d0000b2733a60095e50104070cc89ed9f;ColdplayRadio;47
Set Fire to the Rain;['Adele'];21;2011-01-19;7j4OmvkjRz0PrjFADlHfQx;https://i.scdn.co/image/ab67616d0000b273827945d7638c464bca9fc647;ColdplayRadio;48
Those Eyes;['New West'];Based On A True Story...;2023-10-20;2psRActEWsTlYYd7EDoyVR;https://i.scdn.co/image/ab67616d0000b273aacd27a096e6e59ff555b46c;ColdplayRadio;49
You Found Me;['The Fray'];The Fray;2009-02-02;4IoYz8XqqdowINzfRrFnhi;https://i.scdn.co/image/ab67616d0000b27392b32435efed601fc8f1045d;ColdplayRadio;50
COQUETA;['Fuerza Regida', 'Grupo Frontera'];MALA MÍA;2024-12-19;1PREzVLuDT6PSE9sej4wnV;https://i.scdn.co/image/ab67616d0000b27304874856f3c501181d060128;ExitosColombia;1
CAPCANA COCOA;['Blessd', 'Anuel AA'];CAPCANA COCOA;2026-09-03;5Otq7hczby9xJIplVweLBI;https://i.scdn.co/image/ab67616d0000b273023709ab1d184c478fd0c182;ExitosColombia;2
50 MIL PIEX;['Feid', 'Granuja'];EL MOCO VERDE;2026-06-12;7gSrtsnkzmO9bbDcEN3nz0;https://i.scdn.co/image/ab67616d0000b2735c72961c9ad2bfe912fb56c3;ExitosColombia;3
BbY WOW;['KAROL G', 'Judeline', 'rusowsky'];NO ME ARREPIENTO DE SENTIR TANTO;2026-08-07;3h5T5JypYU7huFiVYhv1dr;https://i.scdn.co/image/ab67616d0000b27321deb742375f88edfb2e7368;ExitosColombia;4
Mentira;['Ryan Castro', 'Feid'];Mentira;2026-08-06;06cC0Txd5AoUEX2otETGcs;https://i.scdn.co/image/ab67616d0000b27337919dcbff7d481d16945abd;ExitosColombia;5
Vulnerable;['Luister La Voz', 'Manuel Turizo'];Vulnerable;2026-09-03;0Vvwifdi7bGbM88EMBz6HM;https://i.scdn.co/image/ab67616d0000b2736cf28232ffc288076cfc094f;ExitosColombia;6
Dichavate;['Ya Ice Dilan', 'Rey Tony', 'Helabusador', 'JipMusic Global', 'Dj Honda'];Dichavate;2025-12-24;6Ab2trdJulkRRhaJ9zVGQa;https://i.scdn.co/image/ab67616d0000b273b27ddff7799d494c71b6b308;ExitosColombia;7
GAMINA;['Kris R.', 'Los Money Makers'];EL TRAP DE KOLOMBIA;2026-03-11;0YZOQUJTS3saBjtLczB0W5;https://i.scdn.co/image/ab67616d0000b273f5106daf364324f9e0595d41;ExitosColombia;8
ZIZI;['Ozuna', 'Omar Courtz'];ZIZI;2026-08-04;5BsvzSvw98mLqpZznMjuLX;https://i.scdn.co/image/ab67616d0000b273eb31ebdbca6acd99c23b4d31;ExitosColombia;9
Las mas bonitas son p#tas;['Anuel AA'];Las mas bonitas son p#tas;2026-06-26;4vJaNTSA8fYLLLSauHmkLe;https://i.scdn.co/image/ab67616d0000b273c2c4ebb82fba77deba3d6f02;ExitosColombia;10
Estoy Pa' Ti;['Brytiago'];Estoy Pa' Ti;2026-08-13;4KYEVjuYfB2qaA5paEB4kn;https://i.scdn.co/image/ab67616d0000b27355952199337ba567182f1f1b;ExitosColombia;11
TUKI TUKI;['Kris R.', 'GeezyDee', 'Flame 火炎'];EL TRAP DE KOLOMBIA;2026-03-11;0bn8tRZZtmn6Zdq82T1mOf;https://i.scdn.co/image/ab67616d0000b273f5106daf364324f9e0595d41;ExitosColombia;12
DÓNDE;['Kapo', 'Ryan Castro'];POR SI ALGUIEN NOS ESCUCHA;2025-07-03;4zqFA9MOG86u7uugR8QFDU;https://i.scdn.co/image/ab67616d0000b27385c9b560af459f57491d5246;ExitosColombia;13
Amor;['Emmanuel Cortes'];Memorias <3;2023-07-28;6r6IPuFvUX72kQGc9b46rk;https://i.scdn.co/image/ab67616d0000b273c6c1db32c9b68f4659795763;ExitosColombia;14
GANAS REMIX;['Kris R.', 'Ryan Castro', 'De La Rose', 'Cris MJ'];GANAS REMIX;2026-05-28;57vNJ68zPmGIkgiDreQv6S;https://i.scdn.co/image/ab67616d0000b2731c55d98e2f5715966062eb0b;ExitosColombia;15
MERO TOTE;['Blessd', 'De La Rose', 'Los Money Makers'];EL PEOR HOMBRE DEL MUNDO;2026-06-18;26wRv00loYD9urTl85LFbI;https://i.scdn.co/image/ab67616d0000b273ef1268a0337de25edb1f9b05;ExitosColombia;16
No Contesta;['Ele A El Dominio'];No Contesta;2021-11-12;2QB2S8wIrOwI7PoaNkS3dS;https://i.scdn.co/image/ab67616d0000b2738e3685b5bf5795dd810dcc52;ExitosColombia;17
QUÉ LÍO;['Blessd'];QUÉ LÍO;2026-04-07;5vDhrXCNTkyahObQwZOYL9;https://i.scdn.co/image/ab67616d0000b273eeee66f675bbda5a1c9f66bf;ExitosColombia;18
Es un Secreto;['Plan B'];House Of Pleasure;2010-07-20;3Btqti3QpzZZr6uz5mlNzz;https://i.scdn.co/image/ab67616d0000b273ddc196bb4c3306560af82238;ExitosColombia;19
Pal Agua;['J Balvin', 'Ryan Castro'];Pal Agua;2026-03-27;5oG6xYYuukHrsK1SLagCn0;https://i.scdn.co/image/ab67616d0000b273376bc168ae803c37a2000235;ExitosColombia;20
Ahí;['KAROL G', 'Drake'];NO ME ARREPIENTO DE SENTIR TANTO;2026-08-07;6DoUDG1GJrJf6eGQLUBBnm;https://i.scdn.co/image/ab67616d0000b27321deb742375f88edfb2e7368;ExitosColombia;21
POR SI MAÑANA NO ESTOY;['Omar Courtz'];POR SI MAÑANA NO ESTOY;2026-02-19;595wwjQiad6e6lSTScmXvz;https://i.scdn.co/image/ab67616d0000b27390af5246adcaa93acb721c17;ExitosColombia;22
Casi Algo;['Maisak', 'Jay Wheeler'];Casi Algo;2026-09-03;6EZXf6pgpbWzmrQo5ErXDK;https://i.scdn.co/image/ab67616d0000b27349cac91f648bf40d872d3a1e;ExitosColombia;23
Doma;['Jósean Log'];Háblate de Mí;2016-10-14;58cLm4PaHNt8DDr9ayZnNz;https://i.scdn.co/image/ab67616d0000b273a8659bf75fee7dc8c01afc67;ExitosColombia;24
La María;['Luister La Voz'];La María;2026-03-19;2dbbYIXYJQzJoUoOl6i0LY;https://i.scdn.co/image/ab67616d0000b27330a40879fe1216e759b6fd19;ExitosColombia;25
La Mejor Música;['Feid'];EL GREEN PRINT: La Saga (Disc 1) — FEID VS FERXXO;2026-03-20;5FJmy7JIUXmBw88lI6vnkS;https://i.scdn.co/image/ab67616d0000b2733e41dc74562c58462d896986;ExitosColombia;26
GALACTICOS;['El Goldo', 'Bigg Danny', 'El Americano 4KT'];GALACTICOS;2026-08-13;570ZVhRaCUd115A5uoD87c;https://i.scdn.co/image/ab67616d0000b27366e9315a28252e4fbeaefdfd;ExitosColombia;27
LA CANCIÓN;['J Balvin', 'Bad Bunny'];OASIS;2019-06-28;0fea68AdmYNygeTGI4RC18;https://i.scdn.co/image/ab67616d0000b2734891d9b25d8919448388f3bb;ExitosColombia;28
UNA BABY EN SANTIAGO;['Lil Naay'];THE MVP OF THE YEAR;2025-12-25;7CGUgOBXrfaXXvY73GzOXE;https://i.scdn.co/image/ab67616d0000b27341af3c4ff909a600fee44b70;ExitosColombia;29
KOKO;['Omar Courtz'];POR SI MAÑANA NO ESTOY;2026-02-19;1tz7RZirwiuaJw2p0jbdHb;https://i.scdn.co/image/ab67616d0000b27390af5246adcaa93acb721c17;ExitosColombia;30
Hace Mucho Tiempo;['Ele A El Dominio'];Hace Mucho Tiempo;2020-03-06;6QTckciPQ3qzXGnjrvVNbn;https://i.scdn.co/image/ab67616d0000b2735937d53811fc1b58d74c97ae;ExitosColombia;31
SANKA;['Ryan Castro', 'Dongo'];SENDÉ;2025-05-29;46ufabZP6oK3ixmN6Gd753;https://i.scdn.co/image/ab67616d0000b27333dba85c0860b77b79b9b12a;ExitosColombia;32
Ya Borracho;['Herencia De Grandes'];Noches Sin Fin;2025-11-07;4NyUIohBa3CEMGcXURYSOh;https://i.scdn.co/image/ab67616d0000b273595c866ba8d19bd9dd531bdc;ExitosColombia;33
NUEVA YORK;['Blessd', 'Los Money Makers', 'Prodmonja'];TRINIDAD BENDITA;2025-06-02;5U3sC7aA5NxoMSeI1kmO2n;https://i.scdn.co/image/ab67616d0000b273ece85a893843b0963f4b8a2b;ExitosColombia;34
4 Life;['Kris R.'];4 Life;2026-07-05;3T2dGGsL9eEZofkoih3YpP;https://i.scdn.co/image/ab67616d0000b27393f5131df99137b265d7aed8;ExitosColombia;35
MATADORA;['KAROL G'];NO ME ARREPIENTO DE SENTIR TANTO;2026-08-07;04d5HlcQX6zH5MMqffXOon;https://i.scdn.co/image/ab67616d0000b27321deb742375f88edfb2e7368;ExitosColombia;36
El Teléfono;['Héctor El Father', 'Wisin & Yandel'];The Bad Boy;2006-01-01;614NVFo5csQqRnryl4jXs2;https://i.scdn.co/image/ab67616d0000b273d48062765f4871ca6a2917e1;ExitosColombia;37
Destino Final;['Yeison Jimenez', 'Luis Alfonso'];Destino Final;2024-09-26;2E4TYekUduml1DWIqQWNcj;https://i.scdn.co/image/ab67616d0000b273715bbdee4f0072526b566b4a;ExitosColombia;38
Te Estoy Correteando;['LATIN MAFIA', 'Fred again..'];9 months & 50 hours;2026-07-31;5B579RUazOpBcuxjTZWnMs;https://i.scdn.co/image/ab67616d0000b2732fe1ee03a5bed6b4a2e73296;ExitosColombia;39
Cuando No Era Cantante - Remix;['El Bogueto', 'Anuel AA', 'Fuerza Regida', 'Yung Beef'];Cuando No Era Cantante (Remix);2025-12-10;2pbSCYzxrG0wa6qcj8IyiE;https://i.scdn.co/image/ab67616d0000b27376ca2bb969e79a911090df63;ExitosColombia;40
Ozono;['Luister La Voz', 'maikol el insoportable'];Ozono;2026-02-04;4acvrfbXrDPFQNNDnFZnpC;https://i.scdn.co/image/ab67616d0000b273ed8e3376440e37737132bde0;ExitosColombia;41
no tiene sentido;['Beéle'];BORONDO;2025-05-15;1HEwEN64NjgTaHmo7LfkX8;https://i.scdn.co/image/ab67616d0000b2732feb67a486bcf117e7fb15b0;ExitosColombia;42
Imagínate;['Danny Ocean', 'Kapo'];Imagínate;2024-11-07;4zbEItKoaRId1vRZkoO0Uh;https://i.scdn.co/image/ab67616d0000b273175920091dc6d0911e63ff5b;ExitosColombia;43
quédate;['Beéle'];BORONDO;2025-05-15;6VfL3MEuYeJbDlD8m011HR;https://i.scdn.co/image/ab67616d0000b2732feb67a486bcf117e7fb15b0;ExitosColombia;44
CULE POCO (sirena_besarico_costeña);['ARIA VEGA'];CULE POCO (sirena_besarico_costeña);2026-04-30;3j0avHj4G5EPk6sCCj8NdQ;https://i.scdn.co/image/ab67616d0000b273e88e42c25d3af6609c48ff6f;ExitosColombia;45
Griselda;['GeezyDee', 'Fronti', 'Prodmonja', 'Bravvs'];Griselda;2026-08-20;3fzvYTofpMbOVEv7EC0gZX;https://i.scdn.co/image/ab67616d0000b273766e0bfb7cc4b022a2019570;ExitosColombia;46
mi refe;['Beéle', 'Ovy On The Drums'];BORONDO;2025-05-15;4zhk2RS2EZODmBW6il55Qj;https://i.scdn.co/image/ab67616d0000b2732feb67a486bcf117e7fb15b0;ExitosColombia;47
YOGURCITO REMIX (feat. Kris R., ROA);['Blessd', 'Anuel AA', 'Yan Block', 'Luar La L', 'Kris R.', 'ROA'];YOGURCITO REMIX (feat. Kris R., ROA);2025-08-26;7nrd0eIftH3NQLfgk20Qp9;https://i.scdn.co/image/ab67616d0000b2737c0a3b32051a3ca160de361a;ExitosColombia;48
Cuatro Babys (feat. Trap Capos, Noriel, Bryant Myers & Juhn);['Maluma', 'Trap Capos', 'Noriel', 'Bryant Myers', 'Juhn'];Cuatro Babys (feat. Trap Capos, Noriel, Bryant Myers & Juhn);2016-10-07;0JoHqmlqE0W0i9prt6kcHR;https://i.scdn.co/image/ab67616d0000b2739aaa796c11497e3e61bdcff0;ExitosColombia;49
UWAIE;['Kapo'];UWAIE;2024-08-15;5QjmUqgpPQgXgg4606DqZF;https://i.scdn.co/image/ab67616d0000b273acfbf7d95b4dd77f8e414859;ExitosColombia;50
Loser;['Tame Impala'];Loser;2025-09-03;3RmFPuTTAjSQ2pbEd2j9oA;https://i.scdn.co/image/ab67616d0000b273e2aa48290b3cd1040be92345;BigOnTheInternet;1
Talking Body;['Tove Lo'];Queen Of The Clouds;2014-09-24;2tpfxAXiI52znho4WE3XFA;https://i.scdn.co/image/ab67616d0000b273d73966976fd29781c3a8dde0;BigOnTheInternet;2
Training Season (Live from the Royal Albert Hall);['Dua Lipa'];Dua Lipa - Live from the Royal Albert Hall;2024-12-06;4jiOgEp2ZPjzoUF5DxaOjG;https://i.scdn.co/image/ab67616d0000b27387bcc972503c59ab023130b4;BigOnTheInternet;3
BbY WOW;['KAROL G', 'Judeline', 'rusowsky'];NO ME ARREPIENTO DE SENTIR TANTO;2026-08-07;3h5T5JypYU7huFiVYhv1dr;https://i.scdn.co/image/ab67616d0000b27321deb742375f88edfb2e7368;BigOnTheInternet;4
Animal;['KATSEYE'];Animal;2026-07-24;3ouNEk0tv5TTi8VWMe1xbX;https://i.scdn.co/image/ab67616d0000b2739e8d48f27391ce383862b8e8;BigOnTheInternet;5
Obsessica;['Malcolm Todd'];Do That Again;2026-06-03;2XhmIDdUVi7f44eW5wZEO8;https://i.scdn.co/image/ab67616d0000b2736ad1bfc5a6102f8e926a8c5f;BigOnTheInternet;6
In The Room Where You Sleep;['Dead Mans Bones'];Dead Man's Bones;2009-10-06;63ped7sDHMOrqMFMBCTPw5;https://i.scdn.co/image/ab67616d0000b273c594a0d9bd7a9b215ec103ef;BigOnTheInternet;7
Run Rabbit;['Mollie Elizabeth'];Run Rabbit;2026-05-20;0xVSc4Gvf5ua1yb96Ku5D2;https://i.scdn.co/image/ab67616d0000b273b843425c0eda08785480845c;BigOnTheInternet;8
WTF GOIN (feat. 21 Savage);['Belly Gang Kushington', '21 Savage'];WTF GOIN (feat. 21 Savage);2026-06-19;0a5qYlqZgVqynD4lsGwvPT;https://i.scdn.co/image/ab67616d0000b273d3e3be06cf0c3a421f20f50a;BigOnTheInternet;9
Sunflower - Spider-Man: Into the Spider-Verse;['Post Malone', 'Swae Lee'];Spider-Man: Into the Spider-Verse (Soundtrack From & Inspired by the Motion Picture);2018-12-14;3KkXRkHbMCARz0aVfEt68P;https://i.scdn.co/image/ab67616d0000b273e2e352d89826aef6dbd5ff8f;BigOnTheInternet;10
D>E>A>T>H>M>E>T>A>L;['Panchiko'];D>E>A>T>H>M>E>T>A>L;2000-12-05;4sIFi8LpJWPvI5xviWFyA6;https://i.scdn.co/image/ab67616d0000b273e045aa197ada995407bf92fc;BigOnTheInternet;11
Wake Me up When September Ends;['Green Day'];American Idiot (Deluxe);2004-09-21;3479kk78dx3GFt048Udq54;https://i.scdn.co/image/ab67616d0000b2739079e678be6b947cc2b3b5c6;BigOnTheInternet;12
Sure Thing - Live;['Miguel'];Sure Thing (Live);2023-09-15;0uExoVSY1lgjiAhvtYwmMV;https://i.scdn.co/image/ab67616d0000b273801986c3225964f3f57cc261;BigOnTheInternet;13
Pure;['SIENNA SPIRO'];Visitor;2026-07-02;31IKMjvv6Oskp4hjGVeYsT;https://i.scdn.co/image/ab67616d0000b273b09eea420767969b6729962b;BigOnTheInternet;14
Nicole Kidman;['ADÉLA'];PRIMA;2026-09-04;70cHKK8bHAfJrOGVnfRG9J;https://i.scdn.co/image/ab67616d0000b273ac9d5d5263e9f03802d6864c;BigOnTheInternet;15
oh yeah?;['Steve Lacy'];Oh yeah?;2026-07-17;22NHkFYbgxB2Zirj29Gbp8;https://i.scdn.co/image/ab67616d0000b2734ea9ba86cd9506a004bab042;BigOnTheInternet;16
Ain't In LA;['ADÉLA'];Ain't In LA;2026-07-23;02HyFYmpzt02VJ8k0CqxKj;https://i.scdn.co/image/ab67616d0000b273b176fc721e1faba78b1ef35b;BigOnTheInternet;17
Such Great Heights;['The Postal Service'];Such Great Heights;2001-01-01;7xpypyK1hDruvMMpoyLU0y;https://i.scdn.co/image/ab67616d0000b2732cace303d0b11ac0d36997af;BigOnTheInternet;18
All I Need To Hear;['The 1975'];All I Need To Hear;2022-09-21;42Q00bTTgyQhPE2FVWaoJE;https://i.scdn.co/image/ab67616d0000b273286ee394cca4f95479d00b4c;BigOnTheInternet;19
Circles;['Post Malone'];Hollywood's Bleeding;2019-09-06;21jGcNKet2qwijlDFuPiPb;https://i.scdn.co/image/ab67616d0000b2739478c87599550dd73bfa7e02;BigOnTheInternet;20
FREAKED OUT;['Fat Papi', 'prodshushy'];FREAKED OUT;2026-06-04;7pBzCp7qNLlsH6rzEFkSwN;https://i.scdn.co/image/ab67616d0000b273dae2db6b9b0a2d5ef298075f;BigOnTheInternet;21
The Anthem;['Pitbull', 'Lil Jon'];The Boatlift;2007-11-27;2cZ5ACJfBj2uAXARdHpjAW;https://i.scdn.co/image/ab67616d0000b2734b6e3bb6e298b4477bf2f6f0;BigOnTheInternet;22
RMB (Ring My Bell);['Aitch'];RMB (Ring My Bell);2026-06-12;3z1qPPLWf0ytO4NyHS8pqS;https://i.scdn.co/image/ab67616d0000b273e787b37d558872f006169a87;BigOnTheInternet;23
I Need Your Love (feat. Ellie Goulding);['Calvin Harris', 'Ellie Goulding'];18 Months;2012-10-29;05SBRd4fXgn8FX7bf8BCAE;https://i.scdn.co/image/ab67616d0000b273dcef905cb144d4867119850b;BigOnTheInternet;24
petal;['Ariana Grande'];petal;2026-07-31;70pVCVMGjmIWPbWXDwf11e;https://i.scdn.co/image/ab67616d0000b2738baf677ee2d8dda6cc9fcbd7;BigOnTheInternet;25
Pink Blush;['Dolly Babe'];Pink Blush;2026-06-30;2FaW6Je4rEKqCE47NbLQX1;https://i.scdn.co/image/ab67616d0000b2734c2b6bd4ba1b827e3ce7d957;BigOnTheInternet;26
EoO;['Bad Bunny'];DeBÍ TiRAR MáS FOToS;2025-01-05;6J5kc12BW5HuP3d7C3vvx8;https://i.scdn.co/image/ab67616d0000b273bbd45c8d36e0e045ef640411;BigOnTheInternet;27
Movin' To The Sun;['HUGEL', 'Imael Angel', 'Ultra Naté'];Movin' To The Sun;2026-05-22;25DgjoTlKK8KjstM4cZ8L2;https://i.scdn.co/image/ab67616d0000b273193241cda50c27e1ce5ba626;BigOnTheInternet;28
Willing and Able;['Noah Kahan'];The Great Divide;2026-04-24;6pk6E0SZxILzfaAGFngxEs;https://i.scdn.co/image/ab67616d0000b273d879855b819250d3d00a1a38;BigOnTheInternet;29
Te Estoy Correteando;['LATIN MAFIA', 'Fred again..'];9 months & 50 hours;2026-07-31;5B579RUazOpBcuxjTZWnMs;https://i.scdn.co/image/ab67616d0000b2732fe1ee03a5bed6b4a2e73296;BigOnTheInternet;30
This & That;['Stray Kids'];THIS & THAT;2026-08-07;7AN7dJCtHqbL7f76QGyraa;https://i.scdn.co/image/ab67616d0000b27337f636fa384b48481241cbd3;BigOnTheInternet;31
Dead Fresh;['Lil Baby'];Dead Fresh;2026-07-17;5ZAMlvo6ZUjVRZOGu2bJib;https://i.scdn.co/image/ab67616d0000b27399f0c412a5d80626ae972cf4;BigOnTheInternet;32
SLICK;['Victony'];SLICK;2026-07-08;3AcgT1ZcF0e9YknCUD269u;https://i.scdn.co/image/ab67616d0000b273b1356b443072b4f8615af24d;BigOnTheInternet;33
UNETHICAL;['Faouzia'];UNETHICAL;2025-08-01;6QKpHmO41jkd9pTp0FfmHs;https://i.scdn.co/image/ab67616d0000b273144d2b69317e926031436c78;BigOnTheInternet;34
Great Expectation;['SIENNA SPIRO'];Visitor;2026-07-02;7ujApz6iFP3PmKIDGcaGbe;https://i.scdn.co/image/ab67616d0000b273b09eea420767969b6729962b;BigOnTheInternet;35
Ghetto Love Story;['BabyChiefDoit'];Rise Against My Broken Odds;2026-06-12;6g8cuDwreIt5rLEBlkukQa;https://i.scdn.co/image/ab67616d0000b27364d676141052c2e389c0b7b3;BigOnTheInternet;36
B4 B4 (with Mayorkun & FOLA);['Davido', 'Mayorkun', 'FOLA'];Oriadé;2026-07-31;37BTNKEaW6aUvsKH3O2UUt;https://i.scdn.co/image/ab67616d0000b2730e2b0b3bdb38eeddcf7481fe;BigOnTheInternet;37
august;['Taylor Swift'];folklore;2020-07-24;3hUxzQpSfdDqwM3ZTFQY0K;https://i.scdn.co/image/ab67616d0000b27395f754318336a07e85ec59bc;BigOnTheInternet;38
I'll Believe in Anything;['Wolf Parade'];Apologies to the Queen Mary;2005-09-27;7zxikeAavSLQVGocbK2nau;https://i.scdn.co/image/ab67616d0000b2733674bf46d2590883b6adf1f8;BigOnTheInternet;39
kiss me;['Ariana Grande'];petal;2026-07-31;0lok0VDJn0zRvHLBCITSSw;https://i.scdn.co/image/ab67616d0000b2738baf677ee2d8dda6cc9fcbd7;BigOnTheInternet;40
Aliens;['BTS'];ARIRANG;2026-03-20;5tg21NdePCn5m8F9BXOEeJ;https://i.scdn.co/image/ab67616d0000b273dfa17fad7f190c901603270e;BigOnTheInternet;41
Danceteria;['Madonna'];CONFESSIONS II;2026-07-03;3a49TEtsbeAgzZAQH9WiDZ;https://i.scdn.co/image/ab67616d0000b2732e45924aa55275c64280cada;BigOnTheInternet;42
misery.;['pupsies'];misery.;2026-03-18;6De8sirPzVyAoBDlQpcutY;https://i.scdn.co/image/ab67616d0000b273316b7fde50dfbf4be72735c2;BigOnTheInternet;43
Deceptacon;['Le Tigre'];Le Tigre;1999-10-26;5773KSWFzg9kCc8yazjbSt;https://i.scdn.co/image/ab67616d0000b2735a89b59fec31efd8f780a6bb;BigOnTheInternet;44
honeybee;['Olivia Rodrigo'];you seem pretty sad for a girl so in love;2026-06-12;407LgLkk1uM3wMO6jVRe0a;https://i.scdn.co/image/ab67616d0000b2735cf234eeb7a2edf44bf64a46;BigOnTheInternet;45
Angels Like You;['Miley Cyrus'];Plastic Hearts;2020-11-27;1daDRI9ahBonbWD8YcxOIB;https://i.scdn.co/image/ab67616d0000b273136d46f65c783bd9742dfc6d;BigOnTheInternet;46
Nine in the Afternoon - Single Mix;['Panic! At The Disco'];Pretty. Odd.;2008-03-21;1S30kHvkkdMkcuCTGSgS41;https://i.scdn.co/image/ab67616d0000b273586acdba3a0ddc93693a313e;BigOnTheInternet;47
The Hard Way;['Cameron Whitcomb'];The Hard Way;2025-09-26;6jTKmVRVOLrlKrrziwkOal;https://i.scdn.co/image/ab67616d0000b27372eb0e312f95b00c528a91c3;BigOnTheInternet;48
Wonderwall;['Oasis'];(What's The Story) Morning Glory?;1995-10-02;1qPbGZqppFwLwcBC1JQ6Vr;https://i.scdn.co/image/ab67616d0000b2732f2eeee9b405f4d00428d84c;BigOnTheInternet;49
Impostor Syndrome;['Sidney Gish'];No Dogs Allowed;2017-12-31;33KU9huHP1Lv1UWWVkuTYd;https://i.scdn.co/image/ab67616d0000b273f7832bb86831bdec9848acda;BigOnTheInternet;50
Feet Don't Fail Me Now;['Joy Crookes'];Feet Don't Fail Me Now;2021-06-16;1GVkrFVc94CTjm9bdSmGjp;https://i.scdn.co/image/ab67616d0000b2737e8ad485a6ed4febebc49311;BigOnTheInternet;51
NOBLE;['F3miii'];NOBLE;2025-12-26;2LSmH4vxyRhkJ2pPqcmkXw;https://i.scdn.co/image/ab67616d0000b2733adeba767abb79b86ed0449b;BigOnTheInternet;52
favorite crime;['Olivia Rodrigo'];SOUR;2021-05-21;5JCoSi02qi3jJeHdZXMmR8;https://i.scdn.co/image/ab67616d0000b273a91c10fe9472d9bd89802e5a;BigOnTheInternet;53
Weirdo;['Suki Waterhouse'];Loveland;2026-07-10;0sZLzafgqCzvnzhh8B97r2;https://i.scdn.co/image/ab67616d0000b273a1277199bf4a7b3f4724fb12;BigOnTheInternet;54
Life Goes On;['Oliver Tree'];Ugly is Beautiful: Shorter, Thicker & Uglier (Deluxe);2021-05-28;0eu4C55hL6x29mmeAjytzC;https://i.scdn.co/image/ab67616d0000b273bf118f32a37c18511647b54a;BigOnTheInternet;55
RUBBERZ;['Fenix Flexin', 'Purps On The Beat'];RUBBERZ;2026-06-05;1iTBTk4xtwo4lBMcPVNoPh;https://i.scdn.co/image/ab67616d0000b27307122f78d306a9f35a6fba2b;BigOnTheInternet;56
Dancing On My Own;['Robyn'];Body Talk Pt. 1;2010-06-11;3Rc2ajBMInxeNGVkMPC92Y;https://i.scdn.co/image/ab67616d0000b27314e2eafece9d75406a591978;BigOnTheInternet;57
MORNING DEW (DONK);['Beyoncé'];MORNING DEW (DONK);2026-07-04;4ZYlzwjjAJrflwWg4DJTlT;https://i.scdn.co/image/ab67616d0000b27329803857f9f242ab9fdcfe40;BigOnTheInternet;58
Self Aware;['Temper City'];Self Aware;2026-02-15;4qW3BbQAwZsrnu8a3ZRdyT;https://i.scdn.co/image/ab67616d0000b273d6c26d2ae723f7ab553d64cc;BigOnTheInternet;59
Gut Genug (mit Blumengarten & Shirin David);['KITSCHKRIEG', 'Blumengarten', 'Shirin David'];KITSCHKRIEG ZWEI;2026-06-05;1FsURdV1P2M3VCKdbTsZak;https://i.scdn.co/image/ab67616d0000b2737c8ca044c71fda2957065c06;BigOnTheInternet;60
do i clench my fists?;['ridgeclub'];do i clench my fists?;2026-05-15;08QUYTMO6gZDCKQFTCXBbz;https://i.scdn.co/image/ab67616d0000b273137a20afb01f553b0034f8a3;BigOnTheInternet;61
GIRLS;['The Kid LAROI'];GIRLS;2024-06-28;7z3PblAN3dH1JMewiRydkZ;https://i.scdn.co/image/ab67616d0000b273c8af7237bb25ad59488944c1;BigOnTheInternet;62
Im Sorry Mom;['Marino'];Im Sorry Mom;2026-06-12;50tTFMbM8n9Ztbngn9tV6q;https://i.scdn.co/image/ab67616d0000b27375b0cbbd57961eb86b849161;BigOnTheInternet;63
Cico Buff;['Cocteau Twins'];Blue Bell Knoll;1988-09-19;4csSjpkgRI06CpVeYfIjwM;https://i.scdn.co/image/ab67616d0000b2734d2fbff666bf6a9997787214;BigOnTheInternet;64
ICONIC BY MISTAKE;['LE SSERAFIM', 'ILLIT', 'KATSEYE'];ICONIC BY MISTAKE;2026-06-12;6fl4Gu0lJm5hc8FM5JzCZD;https://i.scdn.co/image/ab67616d0000b27355886e2f0784a2b7b62b7fe7;BigOnTheInternet;65
The Bomb! (These Sound Fall into My Mind) - Radio Edit;['The Bucketheads'];All In The Mind;1995-01-01;4OIMUs3KgUh77mjzJ8I5f9;https://i.scdn.co/image/ab67616d0000b273727fa1f2e9167acb1f3f1277;BigOnTheInternet;66
DANCE...;['Slayyyter'];DANCE...;2026-01-16;5rfOARz6QO73wPATyMtQQZ;https://i.scdn.co/image/ab67616d0000b27313823d6fa982add5b750bf15;BigOnTheInternet;67
Evergreen (You Didn’t Deserve Me At All);['Omar Apollo'];Ivory;2022-04-08;2TktkzfozZifbQhXjT6I33;https://i.scdn.co/image/ab67616d0000b273a4b3a51e2b3941f5275f052f;BigOnTheInternet;68
bloodstream;['Alyssa Grace'];bloodstream;2026-06-05;1fdgakuuEEfjRt3KYF36eG;https://i.scdn.co/image/ab67616d0000b273defdef89edf50ac6e58d442a;BigOnTheInternet;69
Earrings;['Malcolm Todd'];Sweet Boy;2024-04-05;0eAuGrXyGFYwur9ARUe7LJ;https://i.scdn.co/image/ab67616d0000b2732c1f34ecc1929fb59908aad1;BigOnTheInternet;70
La Cheyenne;['El De Las Rs'];Estilo R'S;2025-10-17;290ilxF4OsghfGWMV9OZNd;https://i.scdn.co/image/ab67616d0000b273c854354a13f74f7328aacc3b;BigOnTheInternet;71
Girl Like Me;['PinkPantheress'];Fancy That;2025-05-09;7aYGCP34Xo6XujY7Ix1DxB;https://i.scdn.co/image/ab67616d0000b2732a6a5bd7ec690d91a384245d;BigOnTheInternet;72
My Moon My Man;['Feist'];The Reminder;2007-01-01;5FFQbvn7055P1DvgJDdCBP;https://i.scdn.co/image/ab67616d0000b273b17d3cdd360973516ade9e6d;BigOnTheInternet;73
Boys Don't Cry;['The Cure'];Greatest Hits;2001-11-13;2RKDbMwtJgKc76H9oPo7Cl;https://i.scdn.co/image/ab67616d0000b2730447ba639949dd26478decf6;BigOnTheInternet;74
Cinderella (feat. Ty Dolla $ign);['Mac Miller', 'Ty Dolla $ign'];The Divine Feminine;2016-09-16;2lpygKqzPFtItQ4ss3cgfb;https://i.scdn.co/image/ab67616d0000b2732e92f776279eaf45d14a33fd;BigOnTheInternet;75
Left Open;['Velvet Hush'];Left Open;2025-08-22;1EVLNqXJqG8TV4LLSDDEw9;https://i.scdn.co/image/ab67616d0000b273601ee3ef36d4003e5ae2e0e3;DeepSleep;1
Encircled;['Benjin Blund'];Encircled;2025-05-22;34B2XFpwTgzk4Gv3Ek8KLM;https://i.scdn.co/image/ab67616d0000b2739d2f1ce83a55d2eef229d645;DeepSleep;2
Indelible memories;['Charles Sardo'];Indelible memories;2025-04-18;2mbtFsiulvUpsYhjlAEC7F;https://i.scdn.co/image/ab67616d0000b27393f6c4e376af924d8ed7153a;DeepSleep;3
Interlude;['Benjamin Mounfield'];Interlude;2025-09-05;2Ysmv5WmUDTVXPLu9sKBYp;https://i.scdn.co/image/ab67616d0000b2731533f33eaf1190698fcf7a06;DeepSleep;4
Stjärna;['Opal Skies'];Stjärna;2026-08-14;3Ac35WIYX8Drv9VAhXqyvN;https://i.scdn.co/image/ab67616d0000b27377f76c95874042f90b9259fa;DeepSleep;5
Floating Aura;['Dreaming Atlas'];Floating Aura;2026-04-10;1tOUUUy13VLTmU9GYP6j9z;https://i.scdn.co/image/ab67616d0000b273a9f6511d8bc7e217ce680a57;DeepSleep;6
Align;['Jon Stefans'];Align;2025-12-19;1CC8AgKut63LKBQlW7tPLs;https://i.scdn.co/image/ab67616d0000b273d227f73d189a97b228290fb9;DeepSleep;7
Elara;['Celestial Keys'];Elara;2026-07-31;3SY3ZH804S2s0YpzoJJZLV;https://i.scdn.co/image/ab67616d0000b27343527bbe26d26dc99c5ebc46;DeepSleep;8
Azure;['Aether Deem'];Azure;2025-05-23;7l5FE9eZXS8LA60cLje2Eo;https://i.scdn.co/image/ab67616d0000b273704e80adfeba2c0ddccb0a70;DeepSleep;9
Abiding Serenity;['Ortio'];Abiding Serenity;2025-12-19;5oMikpIw2HGyJESMvlkNv7;https://i.scdn.co/image/ab67616d0000b2730665df0642e7120feff1e7f8;DeepSleep;10
Meadows;['Jake Slumber'];Meadows;2026-04-28;2nxBJgFsG24ugGtWspkY7Z;https://i.scdn.co/image/ab67616d0000b27366e979ea6bc9a4d95df61543;DeepSleep;11
Bridges;['Calil'];Bridges;2025-09-23;4UHF6tJ4hPERAWM6OkJPzV;https://i.scdn.co/image/ab67616d0000b2730e50ad17094ea5025343f5f1;DeepSleep;12
Rooms;['Veloré'];Rooms;2026-07-03;33Rk5Z8m5QUJIKFPzdlJcx;https://i.scdn.co/image/ab67616d0000b273fb741c76a3b99c9cd6b7ab09;DeepSleep;13
Stellar Voyage;['Starstrum'];Stellar Voyage;2026-07-17;7GWx7F265RuNZ1ulRa1sMb;https://i.scdn.co/image/ab67616d0000b273c2ba2731989d2be9810cbc29;DeepSleep;14
Cedar Sleep;['Haze Drift'];Cedar Sleep;2026-03-27;6IUUelqYg657L0DW7f4HJx;https://i.scdn.co/image/ab67616d0000b27304f0298e196ef907f6c13485;DeepSleep;15
Skuggan;['Lejo'];Skuggan;2025-09-26;3P5rBd5OdHpc7z5c2vnjPh;https://i.scdn.co/image/ab67616d0000b273700fabec389bb0154fd14d8b;DeepSleep;16
Overtime;['Meta Theta'];Overtime;2025-05-30;5KBWdvJ3L0QGyPKY8S9gij;https://i.scdn.co/image/ab67616d0000b27357d4d4e1e3369cb039854d2b;DeepSleep;17
Crimson Dusk;['Arctilok'];Crimson Dusk;2026-07-17;3cm1jl4jMO0opSGSCfrsvk;https://i.scdn.co/image/ab67616d0000b273b06dcb7f07eca12dc1d3feb3;DeepSleep;18
Hidden Path;['Tristan Axvall'];Hidden Path;2026-08-11;3gswA5as1PTHPTstdDW9yA;https://i.scdn.co/image/ab67616d0000b27308c28b990eca48ea1c9d7852;DeepSleep;19
Algae;['Triangular Prism III'];Algae;2026-04-10;2xJBIKqLRMq3orD7sq1Myz;https://i.scdn.co/image/ab67616d0000b2737a994b4d3ee64c6f18b0227a;DeepSleep;20
Teardrop;['Hirenth'];Teardrop;2026-07-17;4jWcFhw9orRqcLwKLfkQz8;https://i.scdn.co/image/ab67616d0000b273eab8673de3e92cda2c9617e2;DeepSleep;21
Velvet Hush;['Enyra'];Velvet Hush;2026-06-05;6ttZp3vtgbT8fTuzPCwRaZ;https://i.scdn.co/image/ab67616d0000b273c29f07a2d39b341c69a90aeb;DeepSleep;22
Astronomy;['Florian Porterfield'];Astronomy;2026-02-20;1sHyvWlEpojcUHZiyXu1rA;https://i.scdn.co/image/ab67616d0000b2739aa1cddb16de8aec25931e2f;DeepSleep;23
Appealing Quiet;['Dawnveil'];Appealing Quiet;2026-05-22;7vxUORO5XlwrXzGfA9akuY;https://i.scdn.co/image/ab67616d0000b2735c39d11c7a47d6e9d8ddd0bb;DeepSleep;24
tint;['austice'];tint;2025-08-29;7suP8ED5szP300Am4HRERx;https://i.scdn.co/image/ab67616d0000b27335d88e8570a47f3ecf423a30;DeepSleep;25
What You See;['Cumulus Sea'];What You See;2026-08-14;2zZN5RtYYrqSwqLMcUHCQb;https://i.scdn.co/image/ab67616d0000b2730a8af8a27bffae40460ebdf9;DeepSleep;26
Gleam;['Nebula Somni'];Gleam;2025-08-01;7ume8nZwNsdsj7kKPZspl4;https://i.scdn.co/image/ab67616d0000b273d5166a958372ae49efe3a474;DeepSleep;27
Moon Etching;['Stellian'];Moon Etching;2026-05-22;5i4Aeef6KLQoOhRWfeqzD1;https://i.scdn.co/image/ab67616d0000b273ce4b47b131d9b5d2ea426526;DeepSleep;28
Midnight Frequency;['Siestaphonic'];Midnight Frequency;2026-08-27;0iqOVs7m1rQS1EoUfbNaQr;https://i.scdn.co/image/ab67616d0000b27385bd375ee2e4d73e1f652ab7;DeepSleep;29
Floran;['Ljusnan'];Floran;2025-03-14;25XtFPJw8TvUIoTG9WrcCX;https://i.scdn.co/image/ab67616d0000b273e0965f4cb63b9cc6b50e14d5;DeepSleep;30
Gentle Tides;['Kaelo Casisbi'];Gentle Tides;2026-05-19;6lglJPj9wdlYEcUqHv68A7;https://i.scdn.co/image/ab67616d0000b273153189a5e896ba16cfde5ae8;DeepSleep;31
Amoenus;['Ex Nocte'];Amoenus;2026-05-29;0i3qOBmmyLuvIAGokmojii;https://i.scdn.co/image/ab67616d0000b273bbaef34fe2429234dce556fc;DeepSleep;32
Night Sky;['Cumulus Sea'];Night Sky;2026-05-29;2f8bLu27GTqcdq6jcP5NG6;https://i.scdn.co/image/ab67616d0000b2730d0d3aee1270d70d7c75dcb9;DeepSleep;33
Somnolent;['Jamie McNeal'];Somnolent;2026-06-09;5Hw093U6aIyJ3C2vHtDzNG;https://i.scdn.co/image/ab67616d0000b2734933f2192af214fee2198bb7;DeepSleep;34
Soothe Your Mind;['Zen Anani'];Soothe Your Mind;2026-01-09;51F5DVc29FBcUm82T7RqoD;https://i.scdn.co/image/ab67616d0000b273ea4b8fbeaeec0b2edf3c7f97;DeepSleep;35
Cordial;['Los Sobriles'];Cordial;2025-04-25;53RnPU209GNEeiC2dqhXea;https://i.scdn.co/image/ab67616d0000b273083e6fc9ec7954a265480296;DeepSleep;36
Interplanetary Medium;['Gateway IV'];Interplanetary Medium;2026-08-14;3eHTAleBa1eA7DlDf6G9a6;https://i.scdn.co/image/ab67616d0000b273b51f077b28573dd8c00c613b;DeepSleep;37
Evimeria;['Ebon Meadow'];Evimeria;2026-05-22;0xgT720mcGnxh2NqzeyUPN;https://i.scdn.co/image/ab67616d0000b273f69ff0ffe3161f0fe0f3b8b2;DeepSleep;38
Exosphere;['Hortalis'];Exosphere;2025-10-24;4PV4rdcQ2TVCigth4u6tUp;https://i.scdn.co/image/ab67616d0000b27310e7f38aa28254e7f0514150;DeepSleep;39
Là;['Arctilok'];Là;2026-05-22;4QilTTmbGqsX6VigYOccsw;https://i.scdn.co/image/ab67616d0000b273e4fe8fd30c7f74624e5c07cb;DeepSleep;40
One Long Wave;['Luminary Night'];One Long Wave;2026-06-26;20NDYcOUGtX1jjYKjYjyxj;https://i.scdn.co/image/ab67616d0000b273113d3f7534d293b253f0e13f;DeepSleep;41
In the Shadows;['Como Calanthia'];In the Shadows;2026-05-22;2SV1sRRof74MxHoyyqthg0;https://i.scdn.co/image/ab67616d0000b27357e0014ca4ed600de5c23a4f;DeepSleep;42
Breath of Night;['Marble Sky'];Breath of Night;2026-07-10;4mTdJUOF7N5owJJrT4g0ZO;https://i.scdn.co/image/ab67616d0000b27349927aa23f4d6ed45a9f61e1;DeepSleep;43
Rich Vegetation;['Subaura'];Rich Vegetation;2026-05-21;1tTI8LZhSpo7T9tdP5Rqim;https://i.scdn.co/image/ab67616d0000b27367b5c937550a7cccb2bc66ae;DeepSleep;44
Zero Gravity;['Somniare'];Zero Gravity;2026-02-27;50VbKLAkFLHT46KZAPxN5N;https://i.scdn.co/image/ab67616d0000b27319b0fefe32348c3f3a9ef302;DeepSleep;45
Mindful Serenity;['Muted Reality'];Mindful Serenity;2026-05-19;7IxjbJxx92zkiFODqtCh2n;https://i.scdn.co/image/ab67616d0000b27390c5c2b6b74c2afe6178503e;DeepSleep;46
Circular Bloom;['Solar Sonar'];Circular Bloom;2026-08-06;020knxKD6Mue4bKqmM8tal;https://i.scdn.co/image/ab67616d0000b273236aef9156f3c2cea91b6f68;DeepSleep;47
Other Side;['Ebon Meadow'];Other Side;2026-04-03;6pwCYlyzMVvKTdFXBaL8IN;https://i.scdn.co/image/ab67616d0000b273149a60198513d76f5ba1e218;DeepSleep;48
Softly;['William Edessa'];Softly;2026-05-19;5tXZFuqWoN8uuK2vhruDlE;https://i.scdn.co/image/ab67616d0000b27370adcf10f39af1886919ddd0;DeepSleep;49
Evolving;['Red Ripples'];Evolving;2025-12-19;77CwoUlyvtahUd8xbbH23O;https://i.scdn.co/image/ab67616d0000b27312b291ee519ea320c49a5664;DeepSleep;50
Before The Warmth;['Vindviska'];Where The Light Begins;2026-05-21;2g3yW6ZLhWl2rD4EtID6Dq;https://i.scdn.co/image/ab67616d0000b273a107fcff92690017a72aed9b;DeepSleep;51
Ombroso;['Vayden Shore'];Ombroso;2026-05-22;7vkmdgl9f08ADQI0de2ivM;https://i.scdn.co/image/ab67616d0000b2732f1f5adda1c22ad7cc75b4bd;DeepSleep;52
Amber Drift;['Delta Shores', 'Between Pages'];Amber Drift;2026-05-01;1W8mTQkijEhqkfzubYY80R;https://i.scdn.co/image/ab67616d0000b2735f0f36899ca55e5c3baa3987;DeepSleep;53
Embraced;['Degravitated'];Embraced;2026-07-03;1VuHvIO8KO9zeR5dmqSbYL;https://i.scdn.co/image/ab67616d0000b27351609d3de84b0d3c15ed87ab;DeepSleep;54
Opening;['Amarin'];Opening;2026-05-22;7JsLI1JVEgqjCamkT78vNZ;https://i.scdn.co/image/ab67616d0000b27364a6c4abb75e35f7551fc6b6;DeepSleep;55
Whispers;['Zenful Whispers'];Whispers;2023-08-11;6hHpBvnX67RLcxh4rWa92E;https://i.scdn.co/image/ab67616d0000b2738397e6404dd77a9195c59fa3;DeepSleep;56
Theta Bloom;['Starstrum'];Theta Bloom;2026-06-05;0XaqQUNh0xPPYAws4y8j4x;https://i.scdn.co/image/ab67616d0000b273051c73e3ce44d39cd0f071fd;DeepSleep;57
Gradient;['Lunabae'];Gradient;2025-12-12;1XAH1s20v2hBj8H6tJQ42p;https://i.scdn.co/image/ab67616d0000b27392ab6aaa981c4067faf0a9ba;DeepSleep;58
Centering;['Ethereon'];Centering;2026-07-17;7ou6YNDED5uIS4gQ6zL0nF;https://i.scdn.co/image/ab67616d0000b2734ffe0c90223a784016ed5b68;DeepSleep;59
Dawn;['Luminary Night'];Dawn;2026-05-08;0I1KWHyacInFbiqcLunawe;https://i.scdn.co/image/ab67616d0000b273d13bbaed4d6a8131eb3b33dc;DeepSleep;60
Quiet Coordinates;['Umbraflux'];Quiet Coordinates;2026-05-15;3Xshkvs4hraKT5cuJbimok;https://i.scdn.co/image/ab67616d0000b273aac0af3cdd15049fddecbf98;DeepSleep;61
Linear;['knownbyC'];Linear;2026-05-01;6RncnBZ7XLGoANHoTmP7hU;https://i.scdn.co/image/ab67616d0000b27395f8ef03326e7c3e69ef2526;DeepSleep;62
Counting Silence;['Solitudine Sono'];Counting Silence;2026-05-22;0LLexy43qdFufca4X1swYl;https://i.scdn.co/image/ab67616d0000b27306d2ab2fd0bd30836517eab7;DeepSleep;63
Kelivum;['Avvaken'];Kelivum;2025-12-19;5mZjiMZ5bt2AgSCz3dEUmI;https://i.scdn.co/image/ab67616d0000b2737dd8714130a69a0499cde0d1;DeepSleep;64
Avistar;['Lynx XII'];Avistar;2026-05-15;67da0VRGEudYDNJweoL8YM;https://i.scdn.co/image/ab67616d0000b273144403a86eefeea0ea331ea5;DeepSleep;65
Under the Night Clouds;['Lunaura'];Under the Night Clouds;2026-05-15;5qcByoljvyqO26i2S9Rg6o;https://i.scdn.co/image/ab67616d0000b273fceb2e3b00be8b7539b4759c;DeepSleep;66
Golden World;['Felix Lancaster'];Golden World;2025-03-28;7BjioO6K4XOUs7VNjUvLdW;https://i.scdn.co/image/ab67616d0000b27333c38e05c47f677d39984e08;DeepSleep;67
Gentle Signal;['oceanfinder'];Gentle Signal;2025-08-13;2H3BZ7C47k2oxcXXyFhjvO;https://i.scdn.co/image/ab67616d0000b2731ce21acf74df525abed6ab21;DeepSleep;68
Floating Through Images;['Moonlace'];Floating Through Images;2025-06-27;3geijb7VCy8pwZpJY04cep;https://i.scdn.co/image/ab67616d0000b27317b2f6eec3af9e9ad8078335;DeepSleep;69
Quiet;['Silence Concertos'];Quiet;2025-04-20;47wZeEB51rxneHGdmVwA63;https://i.scdn.co/image/ab67616d0000b2734837ae86f35ad5f5da4de789;DeepSleep;70
Secret Breeze;['EMIKO'];Secret Breeze;2025-05-02;5Y9gW1qdKhfgLTapBxUkTW;https://i.scdn.co/image/ab67616d0000b2737478baa08e3613c34d5e2c8f;DeepSleep;71
Second Self;['Signe Golin'];Second Self;2025-12-19;2QKVgmGrLJIRrQa6yWCZLd;https://i.scdn.co/image/ab67616d0000b27350c6ce95b270678a07027bf5;DeepSleep;72
Lunaflora;['Enyra'];Lunaflora;2025-12-05;520TinSfdZvBnPPzNnAcVD;https://i.scdn.co/image/ab67616d0000b273d0dabf303ecfb18c1efcbe51;DeepSleep;73
Shores of Memories;['Roland Mercier'];Shores of Memories;2025-09-26;4pAoQgtvz1IJi2NCJ84N1Y;https://i.scdn.co/image/ab67616d0000b273e9bbdb2274d59f8225d03be7;DeepSleep;74
Cosmic Harmony;['Joy Parade'];Cosmic Harmony;2025-10-17;1aoAYxt42g5yixdZMt52y2;https://i.scdn.co/image/ab67616d0000b2732c341d2ce0f38b822142b10c;DeepSleep;75
Penumbra;['Wander Paths'];Penumbra;2025-12-12;2qkcuOxUPvsmJ1gNJP6kvC;https://i.scdn.co/image/ab67616d0000b273182b9d49fb3f587b1c5e3764;DeepSleep;76
Evolving Tides;['Eomir'];Evolving Tides;2025-12-12;6HSSANF04w5FBC1bt9d1VX;https://i.scdn.co/image/ab67616d0000b2735e69035a7116f3a9268f70e4;DeepSleep;77
Cosmic Adagio;['Karen Joyce'];Cosmic Adagio;2025-12-26;6vuJhlhH0Ao0M9SEWgy5o9;https://i.scdn.co/image/ab67616d0000b273330b9a06bd50595866de54cf;DeepSleep;78
Salve Regina;['Revivo Wide'];Salve Regina;2025-10-10;7uJmUntxLPXXbvwzKZ2WGU;https://i.scdn.co/image/ab67616d0000b2730482e0354d83ba59610cc2bb;DeepSleep;79
Float;['slowerlane'];Float;2026-02-22;4IcQ7Mc2UZBnnQnEtMiDXn;https://i.scdn.co/image/ab67616d0000b2730da962369881d8d7f87c9388;DeepSleep;80
Breath Of Life;['Moments Of Divinity'];Breath Of Life;2025-11-07;4wv20VmbnOprLvWiwEmR6P;https://i.scdn.co/image/ab67616d0000b2735748a7688f5e1a2ab86064a3;DeepSleep;81
Night’s Deep Silence;['Natthiko'];Night’s Deep Silence;2025-11-14;0Rn3MXH369fACAZZZBlfWH;https://i.scdn.co/image/ab67616d0000b2738dc355e828388cb33588a0ef;DeepSleep;82
Focus;['Vayden Shore'];Focus;2026-04-10;3TdXr8gtfvq5X8o62FsPVE;https://i.scdn.co/image/ab67616d0000b2732d35a1e8c079a7aab330d8da;DeepSleep;83
Another World;['Vincent La Rossi'];Another World;2026-03-17;4UFG9vzQPI8ZZtya4rIEUy;https://i.scdn.co/image/ab67616d0000b2736539581b5e30c0af4b82331b;DeepSleep;84
Oryis;['Fjordyn'];Oryis;2025-10-14;67quscb6vYCAmOBqzjDSC3;https://i.scdn.co/image/ab67616d0000b2736eaa27672813bd6cd104c0f4;DeepSleep;85
Zephyr;['Alfa Cognitive'];Zephyr;2025-09-26;3lQYitX8Hv8emWwg9jBAed;https://i.scdn.co/image/ab67616d0000b27324a80bdff8c9a6ef28aad3d8;DeepSleep;86
Amber Haze;['Nimara'];Amber Haze;2025-12-19;3XIkkoJULNq8FmURxOhDpU;https://i.scdn.co/image/ab67616d0000b273918b36e38229fef90ccbee54;DeepSleep;87
Opalescent;['different spaces'];Opalescent;2025-09-19;5GgJTvub7KO9XB0el8xlph;https://i.scdn.co/image/ab67616d0000b27398e3df7e94277f7d9cb90c10;DeepSleep;88
Cyclotron Motion;['Institute of Noise'];Cyclotron Motion;2025-09-19;6z0nUNypchy08OqkiIJ0Iz;https://i.scdn.co/image/ab67616d0000b273f2ef6f306eb1b9aeaf8f2d6d;DeepSleep;89
Dimmed Ray;['Luminary Night'];Dimmed Ray;2026-03-13;6aGHFI3hJJiqBnEe0LEfve;https://i.scdn.co/image/ab67616d0000b273d3340c4666696ee5ecaf5f74;DeepSleep;90
Culmination;['Slepth'];Culmination;2025-11-21;7sBlsF4BtansBpXC6LB64k;https://i.scdn.co/image/ab67616d0000b27325d59b1d7a29f9794c64d329;DeepSleep;91
Low Orbit;['Ferngoord'];Low Orbit;2025-11-14;7rfiDvMJTRNd6uQcyMeeQZ;https://i.scdn.co/image/ab67616d0000b273ec7a87574431135a74186508;DeepSleep;92
repos;['Starfield Echo'];repos;2025-08-15;0oNnNhRSZmDUr13R1DOmoh;https://i.scdn.co/image/ab67616d0000b273da359938374b29a2d11023fe;DeepSleep;93
A New Land;['Lush Lotus'];A New Land;2025-09-12;2bPOjbQkwCk13G0lOBmMar;https://i.scdn.co/image/ab67616d0000b2737638677f28a5871ba2355e06;DeepSleep;94
Invisible Currents;['Somnolentia'];Invisible Currents;2025-10-10;0wOyiibYTgT8qdcykNm3ao;https://i.scdn.co/image/ab67616d0000b2731ecd68f38a25810736ef7225;DeepSleep;95
Autohypnosis;['Serene Cradle'];Autohypnosis;2025-10-10;2iyiwqteQAOqC4qGfZ6AtC;https://i.scdn.co/image/ab67616d0000b273ddebe9251f00720bbff63803;DeepSleep;96
Layers;['William Edessa'];Layers;2025-11-21;0MLDLnL7QLSA18VLKOK4Is;https://i.scdn.co/image/ab67616d0000b273281af6c9f30266781b9ae1ba;DeepSleep;97
Spatial;['Noni Ammin'];Spatial;2026-01-23;27OiQgehPFFHRY4usSooC0;https://i.scdn.co/image/ab67616d0000b27381cfe049bf370ce4a1e0ad4b;DeepSleep;98
Lyria;['Nova Cantabile'];Lyria;2025-10-31;6vMuJ5Ksai6YewJFVEsJcK;https://i.scdn.co/image/ab67616d0000b2735c288e42a2f60d25c75922a2;DeepSleep;99
Minor;['Prodigieux'];Minor;2025-09-12;7twIB4sebMEzPjHCoZiOVo;https://i.scdn.co/image/ab67616d0000b273799cc9f7f68b82c61210f851;DeepSleep;100
Hesed;['The Endity'];Hesed;2026-03-06;3EMB7zzyxmiA02zqg17rTO;https://i.scdn.co/image/ab67616d0000b27398982bc713da46444b1ccaaa;DeepSleep;101
Gleam;['Centauri'];Gleam;2025-10-24;0HRXHXtX7IWwX9tY3cZbEl;https://i.scdn.co/image/ab67616d0000b27385cc112aaf8d1f549d01f65b;DeepSleep;102
Division;['Oliver Ólafsson'];Division;2025-11-14;3SHJyYboWMsxrhcYqa3UwZ;https://i.scdn.co/image/ab67616d0000b2735b592a4e8b6191b03d6075e2;DeepSleep;103
Mindset;['Ilumina'];Mindset;2025-08-21;4kMnShqrUb4mc6dkNyWkgS;https://i.scdn.co/image/ab67616d0000b273442ad251869b48c0707a952a;DeepSleep;104
Delta Vision 68 Hz - 70 Hz;['Binaural Resonances'];Delta Vision 68 Hz - 70 Hz;2026-02-20;6iE8W8Io8CckVlFADOZxge;https://i.scdn.co/image/ab67616d0000b273150428e6ec69d5cf82e8073b;DeepSleep;105
Lull;['Silentia Dua'];Lull;2025-10-17;0NV5uudKA7a3cEWmXYsWvW;https://i.scdn.co/image/ab67616d0000b273fbaf8eeea05686d0b40db077;DeepSleep;106
Sentiment;['Leon Baker'];Sentiment;2026-02-03;1l4XrYlxqaEXQdglmqIzWb;https://i.scdn.co/image/ab67616d0000b2731a61fd9a26d845cc68e77cc3;DeepSleep;107
Acrux;['Prodigieux'];Acrux;2025-10-10;66hrICeU2x1dQG2csVopRt;https://i.scdn.co/image/ab67616d0000b273269a1248f0fd960eb762c736;DeepSleep;108
Rest;['Benjamin Rhey'];Rest;2025-07-04;575mJ5ukCZWVwUT4P69slv;https://i.scdn.co/image/ab67616d0000b273f32c77128fad6df7b3a102cd;DeepSleep;109
Mariel;['Sagamo'];Mariel;2025-10-03;2Ez6fQgFp163prXS0sePI4;https://i.scdn.co/image/ab67616d0000b2732ec10d76e6051b333fef1488;DeepSleep;110
Elated;['Echo Ark'];Elated;2025-11-14;2puGc5PUqnR4nNGAM9Y7vr;https://i.scdn.co/image/ab67616d0000b2738543cd8d03e1675e883e9f65;DeepSleep;111
Pegasus;['A Deeper Sense'];Pegasus;2025-02-28;1jGS8rm7Te3H04MCyH9mEB;https://i.scdn.co/image/ab67616d0000b27338b659c612afa55ca40094a3;DeepSleep;112
Falling Into Peace;['Serelune'];Falling Into Peace;2025-12-05;3mH9fTUelGpqVRWbvjApn7;https://i.scdn.co/image/ab67616d0000b273a7f1253a2687afaf0b0d921d;DeepSleep;113
Poetic Silence;['Kaiser Hulenstadt'];Poetic Silence;2025-05-23;0ZIlYZRg2GhnK23NvvtDOB;https://i.scdn.co/image/ab67616d0000b273b075d8da6705a42511d32fa4;DeepSleep;114
Arctic Reverie;['Arctic Halo'];Arctic Reverie;2025-12-19;2Z4UgioCtWK63r4Cwu6pRr;https://i.scdn.co/image/ab67616d0000b273e2dc1e6b1a2b2a681f660d2c;DeepSleep;115
Stillwater;['Hello Artemisia!'];Stillwater;2025-08-29;4J1XstILHV8DVJRuyYygRu;https://i.scdn.co/image/ab67616d0000b2736baee3e5ad4bde5a640b3df8;DeepSleep;116
Slowrest;['Sleep Advisor'];Slowrest;2026-03-24;2DXjjPvxNkpGIDmXTqxo5V;https://i.scdn.co/image/ab67616d0000b2736d684eb3ea266cc3b1d69d4a;DeepSleep;117
Evergreen;['Stillgarden'];Evergreen;2025-06-20;6jx7AM7QyqCCFvSdIUVnlx;https://i.scdn.co/image/ab67616d0000b273eaffb43d06e141d8aa6dfb84;DeepSleep;118
Ardamae;['R Skye'];Ardamae;2026-01-02;56EPyyYxg3jnEJTpQh4fWg;https://i.scdn.co/image/ab67616d0000b2733e94d97492e0c7464f4e7d92;DeepSleep;119
lost in air;['vindi meta'];lost in air;2026-04-07;4RvFdKH9FYqxfEQ34MhHt4;https://i.scdn.co/image/ab67616d0000b2734cf52e9bfe1fff3ce6269798;DeepSleep;120
No Doubts;['Sanguinus'];No Doubts;2025-10-31;0Lm0y5ACwWnZuiqOOkimxJ;https://i.scdn.co/image/ab67616d0000b273a1d081440cd7a159327348ee;DeepSleep;121
Phonolight;['Solros'];Phonolight;2025-12-21;14tHNbp3bB8pGmJkBLqjiA;https://i.scdn.co/image/ab67616d0000b273df70cc6f26685a7d5ac1bbc0;DeepSleep;122
Gentle Breeze;['Seth Sands'];Gentle Breeze;2024-11-29;06SiO72LbLmswjSfIAvv2u;https://i.scdn.co/image/ab67616d0000b273d0dad9f1f058216d4b9dec73;DeepSleep;123
Dreaming of You;['Orions Passage'];Dreaming of You;2025-09-05;06bSszzyfCQFZo2dkNx5WU;https://i.scdn.co/image/ab67616d0000b27371ee02c234e1e56edb198d2f;DeepSleep;124
Before Awakened;['Fhye'];Before Awakened;2025-08-15;2ZQFhJeZvV7eqjwGcJpWhM;https://i.scdn.co/image/ab67616d0000b273881d2d27ed6ee460f32c258e;DeepSleep;125
Coming Back;['Luune'];Coming Back;2026-04-12;6710VybTv4JPVEEt8Mt9Vr;https://i.scdn.co/image/ab67616d0000b273cc20842cfd40f94a2d3b6be3;DeepSleep;126
Endless Stars;['Jack Allenson'];Endless Stars;2025-11-30;6H92kjUpe6DXkdMJBGgmHr;https://i.scdn.co/image/ab67616d0000b273647ef7f727d1ff0a7fccd052;DeepSleep;127
Fog on the Lake;['Jon Stefans'];Fog on the Lake;2025-09-19;05zOn5KHGVm7pdvN3ClztR;https://i.scdn.co/image/ab67616d0000b273f184b659950408792fc4dc56;DeepSleep;128
Clouds Beneath;['Lucas Leigh'];Clouds Beneath;2025-12-02;0KNodqc5PnG6hZYcVYUCYI;https://i.scdn.co/image/ab67616d0000b273556f6bc2b23195765ed9ccea;DeepSleep;129
Zodiacal Light;['Starstrum'];Zodiacal Light;2025-11-16;2fEQzvxRTVhSGmr8W1qzur;https://i.scdn.co/image/ab67616d0000b27368d71a3e4c00526ba30d1b10;DeepSleep;130
Stellar Nursery;['Eirwyn North'];Stellar Nursery;2025-08-07;7duzoE2HjcLyi2vF2IN4ir;https://i.scdn.co/image/ab67616d0000b2739ceaf745460971acaeff28d2;DeepSleep;131
Falling Upwards;['Celestial Aura'];Falling Upwards;2025-08-28;5YgeCxV9Xl8AUi4U3fRavF;https://i.scdn.co/image/ab67616d0000b2734c547c91540d4bba0e6a82a5;DeepSleep;132
Glim;['Opal Skies'];Glim;2025-12-12;158IDFfRLIMdJp44Si9lhD;https://i.scdn.co/image/ab67616d0000b273741dca68e5cff806a8a30389;DeepSleep;133
Certainty;['Imperial Atlas'];Certainty;2025-10-24;5RpKA9KH0IhhYXsbkZ3t9j;https://i.scdn.co/image/ab67616d0000b273b620d6cc76c9d106f44a23fc;DeepSleep;134
Aira;['Calma Totalis'];Aira;2025-09-26;1lWebU098NfY1ckYlbBFEv;https://i.scdn.co/image/ab67616d0000b27342758cfcca4c1230f87cecd6;DeepSleep;135
Conspicuous;['Calma Totalis'];Conspicuous;2026-06-05;71hqMLXiNy2reCDoHCDFbR;https://i.scdn.co/image/ab67616d0000b273694742c07488d749d2f9fb08;DeepSleep;136
Leya;['Astral Tides'];Leya;2025-09-19;6LHWa5tnoj1gsG7GlR0mpx;https://i.scdn.co/image/ab67616d0000b273e658e2aa0db052631b1ae95e;DeepSleep;137
Lighten;['Garden Collective'];Lighten;2025-12-12;5J8zBspeWfSLVJQMmkx4Je;https://i.scdn.co/image/ab67616d0000b273fd127b5de7ef6414289c4292;DeepSleep;138
Soaring;['Perducci'];Soaring;2025-05-09;08gcizw5faN8UapAxoJRXo;https://i.scdn.co/image/ab67616d0000b273132698cae7f7ca66076011f2;DeepSleep;139
Life Paint;['Astred'];Life Paint;2025-12-14;5FqQaMm7f8sRmqPIfy7PAh;https://i.scdn.co/image/ab67616d0000b273b40f597946256e605d97aa96;DeepSleep;140
Gravitate;['Slumber Boy'];Gravitate;2025-07-25;6JUqVTLxhO1acM65uGMA3k;https://i.scdn.co/image/ab67616d0000b273674df9097f19439708f2f906;DeepSleep;141
Quiet Hours;['Avanora'];Quiet Hours;2026-02-05;72RInKHSU0SYu5PbRLDpHq;https://i.scdn.co/image/ab67616d0000b273fefa5f601cd0cfaa4ca7c454;DeepSleep;142
Mariposa;['Miravaldini'];Mariposa;2025-10-24;6IaimcEtkwHXLaZNM8256s;https://i.scdn.co/image/ab67616d0000b273192eec3fbc945ec9f439eebc;DeepSleep;143
Winding Roads;['Horizon Mind'];Winding Roads;2025-06-06;4b8nkGkEVaxytOYtdD6XpS;https://i.scdn.co/image/ab67616d0000b2738e114e3f11423ef78ee68406;DeepSleep;144
Unravel;['Edvin Novak'];Unravel;2025-08-15;2bRaEDG0vV4VYYV1vpYepn;https://i.scdn.co/image/ab67616d0000b2733edb3e9a46ce9f37280d1d37;DeepSleep;145
Without Edges;['Mindra'];Without Edges;2026-03-13;1G99XorZUVwzMx0lVNgVnJ;https://i.scdn.co/image/ab67616d0000b273af11a37b0e1613720a73aca6;DeepSleep;146
Oneiric;['Ögonblick'];Oneiric;2025-12-05;6j63LL5PgyLSm2EnY6Rnw0;https://i.scdn.co/image/ab67616d0000b2730e0754e98bbbf55be387562a;DeepSleep;147
Holding Light;['Spacetactular'];Holding Light;2025-09-23;2kISqKr7qyisH1fv4vfUO4;https://i.scdn.co/image/ab67616d0000b273a0b1e91ff514221b7f44734d;DeepSleep;148
Emerge;['Adair Vernell'];Emerge;2026-07-03;3Orwp3lpnqWsxtoHCtuFd6;https://i.scdn.co/image/ab67616d0000b2737b21354013355fc38e38ed30;DeepSleep;149
Somae;['Magnolia Dreams'];Somae;2025-12-19;7vzLL4nOoxwcrgdhLjtM07;https://i.scdn.co/image/ab67616d0000b2732462d0d5f2d40c229b1c7c5a;DeepSleep;150
Vacancy;['Sonical Serenity'];Vacancy;2025-06-20;0k9zOyKY1RIEp1eOQdLjP8;https://i.scdn.co/image/ab67616d0000b27360345a0d01dab9a259bdc7a0;DeepSleep;151
Ephican;['Broadleaf Radio'];Ephican;2025-10-24;69dyGM86XiZ8UWe6YjiN5y;https://i.scdn.co/image/ab67616d0000b273535b9fc6622abfaac181921a;DeepSleep;152
Alchemy;['Somatika'];Alchemy;2025-08-29;61L3JZB1lHtY825F56sW19;https://i.scdn.co/image/ab67616d0000b273592a4ca36f99a390c28129a7;DeepSleep;153
Aurora roots;['Ambientelles'];Aurora roots;2025-09-05;6zC8pSVD7244Bc37hefJVv;https://i.scdn.co/image/ab67616d0000b273404b2900d8ad59171b4040da;DeepSleep;154
Littoral;['Les Coralines'];Littoral;2025-11-28;2df1FIy6RZf7j7W9NA3891;https://i.scdn.co/image/ab67616d0000b27308e75848cd94ef87f3fdbb51;DeepSleep;155
Moonlit Haze;['Lunaura'];Moonlit Haze;2025-11-28;3ILt8DOH9x1UzIKO7ofLQP;https://i.scdn.co/image/ab67616d0000b273cbf4a4b9545ce36a85e831eb;DeepSleep;156
Soft Winds;['Luna Novina'];Soft Winds;2025-10-31;4LVQ2vrIGa9lS6CpqfX8Dh;https://i.scdn.co/image/ab67616d0000b273e60efc20d8937041e632930d;DeepSleep;157
Immaterial;['Jaumey'];Immaterial;2025-12-24;2BYsHElh3qEZmzwpoxYGsW;https://i.scdn.co/image/ab67616d0000b273f34ab029366de488ba3f14fa;DeepSleep;158
Velvet Flow;['Luminous Lotus'];Velvet Flow;2026-01-23;4SDLwhzM3WSH1LeOIGy1jF;https://i.scdn.co/image/ab67616d0000b2731f7c2bedd591811692abbbab;DeepSleep;159
Hoshiakari;['Ava Mills'];Hoshiakari;2025-11-14;2m9n1Bbze1CCAIjWj6XSLd;https://i.scdn.co/image/ab67616d0000b273c954ddcab3bb6461d8a16be2;DeepSleep;160
Sublime;['Elevated States'];Sublime;2025-12-12;2BKh84yFC06YYJXIse1exA;https://i.scdn.co/image/ab67616d0000b2733c84a417c37ecd1bcd1d3cf7;DeepSleep;161
Drisna;['Tuiren'];Drisna;2025-12-05;59amfJtGrJot1H604C46Hf;https://i.scdn.co/image/ab67616d0000b273f502a0f32e2bdf101cafa569;DeepSleep;162
Full of Quiet;['Aether Waves'];Full of Quiet;2025-10-31;1L2DQiVbtMLdeqKEJgB9mb;https://i.scdn.co/image/ab67616d0000b273adb4d6a44fd5428ea56ab08e;DeepSleep;163
Lightbeams;['Avvaken'];Lightbeams;2025-05-23;5nbZ3p6GLmCsGlCnueESvT;https://i.scdn.co/image/ab67616d0000b273543f6b02c10f38949689e528;DeepSleep;164
Holistic;['Alfa Cognitive'];Holistic;2026-03-06;7gJeRqqmOVCqV4PvE7td8a;https://i.scdn.co/image/ab67616d0000b27357fb1d61ee75b4767fb95d8f;DeepSleep;165
Lungs of the Planet;['Luca Kerr'];Lungs of the Planet;2025-09-11;2143aXSdaX9SqEaZls2xzx;https://i.scdn.co/image/ab67616d0000b2731085053c47207099d8cd5dcc;DeepSleep;166
Star pulse;['Juliette Laveaux'];Star pulse;2025-09-05;6C1sNN2KfYQ5Ephlfb6hmz;https://i.scdn.co/image/ab67616d0000b273eb98663f1f79168639b29de1;DeepSleep;167
Blissful Nights;['Astralis Flow'];Blissful Nights;2025-08-15;7FU98oAqFpZk3yIcydkGO5;https://i.scdn.co/image/ab67616d0000b273eecc34e05a3eae1ecc8bd59c;DeepSleep;168
Softly;['Ephermal Nights'];Softly;2025-02-28;4fEfd6uQYMk8D54SkioTTi;https://i.scdn.co/image/ab67616d0000b27322d78611949a920eecc34e5c;DeepSleep;169
Fragmentless;['Jon Stefans'];Fragmentless;2025-07-04;3NjClnEU7eLeuk36aMw3hU;https://i.scdn.co/image/ab67616d0000b27321d641c8f5eaf32d6b4fac0f;DeepSleep;170
Calmyra;['Miriam van Steeg'];Calmyra;2025-08-01;0MByCerI4NnNIFB0Hs0AYG;https://i.scdn.co/image/ab67616d0000b273a6d4b14fa87979d6e223893f;DeepSleep;171
Fading Into Dreams;['Oblivionis'];Fading Into Dreams;2025-04-11;7oGd6fxsrIDOP3Z6Wm6xm0;https://i.scdn.co/image/ab67616d0000b273aafc624aba8f9172e4ed316d;DeepSleep;172
Calluna;['Quiescente'];Calluna;2025-07-18;5BqZDkpCaxJSeko76x3MDA;https://i.scdn.co/image/ab67616d0000b27388ecba6029bc22b9ab395513;DeepSleep;173
Astral Code;['Digitalis'];Astral Code;2024-05-29;1Fz2g1FUlyEebAhyfE5SZy;https://i.scdn.co/image/ab67616d0000b2732d5bf7e442fa79f125c0eb1c;DeepSleep;174
Slow Resonance;['Still Phase'];Slow Resonance;2026-04-15;2Idg5w2GjbYTbhHEeNW8jl;https://i.scdn.co/image/ab67616d0000b273bca76e7e5dec15245c68bc60;DeepSleep;175
Morning Meditation;['Willian Mcgrow'];Morning Meditation;2025-02-14;1wsHIWc5negUXcEJ7Uiom3;https://i.scdn.co/image/ab67616d0000b27394c7d25ff255220f039d1d0f;DeepSleep;176
Tides Of Eternity;['Lake Nebula'];Tides Of Eternity;2025-05-30;27fucOPuN2IFrxyxQoK3Vr;https://i.scdn.co/image/ab67616d0000b2737e4cacf39bd8dcfda2f169ee;DeepSleep;177
The Glass Path;['Command Module'];The Glass Path;2025-11-07;2VgFuWfPFmjPIhLCGTaQyB;https://i.scdn.co/image/ab67616d0000b273be42a8325ee0b2343f3eb0e2;DeepSleep;178
Farfield;['Roy Grall'];Farfield;2026-03-27;7F6EmmkSaF8qYiQVlXnYv1;https://i.scdn.co/image/ab67616d0000b2730ff800d871a8c235fa989ed6;DeepSleep;179
Hypnos;['XYROS'];Hypnos;2025-05-09;1SxUWVO00afAlDxOm49fsN;https://i.scdn.co/image/ab67616d0000b2735c4c6a6f040ee1018e664a9e;DeepSleep;180
Fading Moon;['Etherielle'];Fading Moon;2026-05-29;5XSXa2Cl8LrQDwTSc3oUvi;https://i.scdn.co/image/ab67616d0000b273f5085f0297b25ac71677de93;DeepSleep;181
Moonlight Bliss;['Boreal Light'];Moonlight Bliss;2026-04-03;7EQWrjIV5695r623PA8ucO;https://i.scdn.co/image/ab67616d0000b2731e1ee32fcb4ffa538e94617d;DeepSleep;182
Honeyed;['Ambient X'];Honeyed;2026-05-29;2X0RQzNCFduEMtLjCpRp2h;https://i.scdn.co/image/ab67616d0000b273fac98e5b19ebef8365410e89;DeepSleep;183
Calm;['Willian Mcgrow'];Calm;2025-10-10;1y1tGrvyAhi2AFZnwZRHfs;https://i.scdn.co/image/ab67616d0000b2735227d3f557949b1db97fc57e;DeepSleep;184
Slow Fall;['knownbyC'];Slow Fall;2026-07-03;1YtkMlAN0dDErdKmvAIR3R;https://i.scdn.co/image/ab67616d0000b273a9e56c7384df6872d7d3bfaa;DeepSleep;185
Coral daylight;['Chillnaut'];Coral daylight;2026-06-02;4O6K2mYOS31yKn1YyF5aen;https://i.scdn.co/image/ab67616d0000b273851444d2441b73238874f3b9;DeepSleep;186
Buddhism;['Florian Porterfield'];Buddhism;2025-02-07;43Glnw4JVlIYBwQBetVB0Q;https://i.scdn.co/image/ab67616d0000b273c9613be29ae10fd928c15318;DeepSleep;187
Aurora Sky;['Placidous'];Aurora Sky;2026-01-02;27B4IQI6TuWsr5qLhipHo8;https://i.scdn.co/image/ab67616d0000b2736aca1ade1123629f23ba135c;DeepSleep;188
Beyond the Blue;['Athyer Cane'];Beyond the Blue;2026-03-13;47EvnIWqxs8phoSDdZ0dgU;https://i.scdn.co/image/ab67616d0000b2730276ce12e08d8f371c91235e;DeepSleep;189
Expanses;['Nova Issue'];Expanses;2025-05-30;6laNweuxICLugjSyJ6138B;https://i.scdn.co/image/ab67616d0000b273c70cdbd52f8a40db751744e3;DeepSleep;190
Spherical;['Gjenklang'];Spherical;2026-01-30;7mIJDsBpkrhJ9DgFccWKhy;https://i.scdn.co/image/ab67616d0000b27353bbccd19e8ff166e994d484;DeepSleep;191
Stress Reliever;['Tuscany Flow'];Stress Reliever;2024-05-24;5y6Cy93KwBgAuL2Il5YXN7;https://i.scdn.co/image/ab67616d0000b273f91872a6bee4ed759a41f94f;DeepSleep;192
Blind Stars;['Tuscany Flow'];Blind Stars;2025-04-11;1MSxyodmJcge1ZtpnmeF8i;https://i.scdn.co/image/ab67616d0000b2737157f2cc0c07dcce8a9d8622;DeepSleep;193
Without Coordinates;['Caio Blanco'];Without Coordinates;2025-11-17;76mEz1fpph6SHqLTT41ZYn;https://i.scdn.co/image/ab67616d0000b2731a33d734724d28265b0788a3;DeepSleep;194
Zenthura;['Cryptozoology'];Zenthura;2025-09-05;7KHZmZoUylztD6Z6baffEV;https://i.scdn.co/image/ab67616d0000b2734ebc7d30f8a2621254483a88;DeepSleep;195
No Signal;['Atli Einarsdóttir'];No Signal;2025-11-17;3QB28WJ9efFcgQktkPA7A0;https://i.scdn.co/image/ab67616d0000b2739bfcc41a439aad40c26ed3b9;DeepSleep;196
Rise and Bloom;['Vestigency'];Rise and Bloom;2025-10-17;1HYXuwsyr78B58KtSBbunC;https://i.scdn.co/image/ab67616d0000b2734acaed9fe279fdc77df4c736;DeepSleep;197
Velvet Twilight;['Lake Nebula'];Velvet Twilight;2025-08-29;4nJb3NY8hLPh7rFxGRZ8aW;https://i.scdn.co/image/ab67616d0000b27393ac0fb6b7979badb03a837f;DeepSleep;198
Healing and Comfort (Ambient Sleep Version);['Ethereva'];Healing and Comfort (Ambient Sleep Version);2025-05-22;2PZpyXQFMebjk1BNa0v9Ju;https://i.scdn.co/image/ab67616d0000b2731afb3e2b166219d12db10bd2;DeepSleep;199
Theta Drift;['Astral Ocean'];Theta Drift;2025-09-03;06PFSh0QU5m0kqmViSS2zO;https://i.scdn.co/image/ab67616d0000b273e85bfee6987bd18190f4cef6;DeepSleep;200
Afterthought;['Nova Issue'];Afterthought;2025-09-18;3E2dsbt4QWyHsgLgWktE4z;https://i.scdn.co/image/ab67616d0000b2739161cca1b26555806571ec1f;DeepSleep;201
Underflow;['Luminary Night'];Underflow;2025-11-21;432WvW83Dt1xQGTZMC0lMF;https://i.scdn.co/image/ab67616d0000b273f3e0660d29434025d0c18256;DeepSleep;202
Waves of Stillness;['Don Becker'];Waves of Stillness;2025-08-15;3vE3nYJEBicPwoJoDiUHQB;https://i.scdn.co/image/ab67616d0000b2739592c9ab8ccf84b7e25ed591;DeepSleep;203
Beyond Time;['Calil'];Beyond Time;2025-11-06;1UugIxOXq7OVxRJj2zvqBA;https://i.scdn.co/image/ab67616d0000b273fd4eb11a912b10990ea33c95;DeepSleep;204
Luminoso;['Volta Celeste'];Luminoso;2025-11-07;3bW8UsWD0ZQ2psjI1kiHEA;https://i.scdn.co/image/ab67616d0000b2731ccee34e96c74f04a961266a;DeepSleep;205
Renewal;['Amos Stovall'];Renewal;2025-10-31;0ZkzjDOIBXYJQTmETURpA4;https://i.scdn.co/image/ab67616d0000b273d06bcb4f68ee48e7fe899c1d;DeepSleep;206
Drifting;['Silentia Dua'];Drifting;2026-04-10;4HqKTvxVYpg0uCoBiiwxc4;https://i.scdn.co/image/ab67616d0000b273c398e86758eb50b0d5b360a5;DeepSleep;207
melting away;['Fred Russ'];melting away;2025-08-17;0UhJO5iQ6PWIZEK0qA9YIU;https://i.scdn.co/image/ab67616d0000b27330cb97308be4532b9ef3a4a9;DeepSleep;208
Sleepwave;['Somnifera'];Sleepwave;2026-05-31;00CoutcAZTyJ486Y5FFm03;https://i.scdn.co/image/ab67616d0000b273cae97eadae4c621afafb03d3;DeepSleep;209
Quiet Echoes;['Mirelio'];Quiet Echoes;2025-08-08;30USYfGKTElATu9Z3hQwAC;https://i.scdn.co/image/ab67616d0000b273b8a92f7b419cab76b47f7db5;DeepSleep;210
Tide;['Dilandi'];Tide;2025-11-07;1TdfBMhloqioDhqLlwXepr;https://i.scdn.co/image/ab67616d0000b273830a45d4ca92c9bd05086c27;DeepSleep;211
Amber Light;['Calil'];Amber Light;2025-12-19;044pnP0bPlUZlTpnSwjKed;https://i.scdn.co/image/ab67616d0000b273ac598c5c218d4b908887ee80;DeepSleep;212
Noctea;['Rannar Sillard'];Noctea;2026-05-08;0M2pnk7H2u5GwgBCfNNLSs;https://i.scdn.co/image/ab67616d0000b273997fdda1986e61c96d40aa03;DeepSleep;213
Renewed;['Tristan Axvall'];Renewed;2026-06-02;5nNtZjcgIVURcYmNMfjXLE;https://i.scdn.co/image/ab67616d0000b2739a1dfe54d381e7de6ebff47b;DeepSleep;214
Almost Real;['Anarekli'];Almost Real;2026-04-10;0BeoYJ8te2AtohPr7I3SZD;https://i.scdn.co/image/ab67616d0000b273eab6ddcdb5e835d8c962265d;DeepSleep;215
Guardiania;['Jnana Flow'];Guardiania;2026-01-23;0s5AXWrL9sUqpXs2220Kp2;https://i.scdn.co/image/ab67616d0000b273b29080bfcc3c6c5ce631a81d;DeepSleep;216
Still Air;['We, the Navigators'];Still Air;2026-02-20;4wWTn22AJGHlrXyNVQrjjZ;https://i.scdn.co/image/ab67616d0000b27387efcb003157273725e15ffd;DeepSleep;217
Consoling;['Miriam van Steeg'];Consoling;2025-09-05;0lHAxdcCezrZzJeWDA7ffa;https://i.scdn.co/image/ab67616d0000b273fcc5960d7b7bcf669030e982;DeepSleep;218
Dreaming Light;['We, the Navigators'];Dreaming Light;2026-01-02;0jIGISrr37MTPgT11umOzu;https://i.scdn.co/image/ab67616d0000b27356e4be6f3844ec8f60d385d9;DeepSleep;219
Cosmic Beams;['David Ripperton'];Cosmic Beams;2025-12-09;7GNLNXmANoqu2eh2yBzlBt;https://i.scdn.co/image/ab67616d0000b2739e06e8ebbc5c221920ade9b9;DeepSleep;220
Dreamfall;['Aura Veil'];Dreamfall;2025-03-07;7ejAZN3oevsGNQHleqohD8;https://i.scdn.co/image/ab67616d0000b2737e4f40f905a4fdaf28486ec9;DeepSleep;221
Safe Haven;['The Lay-Backs'];Safe Haven;2025-06-06;1QotlcdapRoqeb38k7HJsX;https://i.scdn.co/image/ab67616d0000b27307c67e9f2755622565fc7f5a;DeepSleep;222
Achernar;['Astral Steps'];Achernar;2025-06-06;5K3C6k015TTpkt9MU2Im9F;https://i.scdn.co/image/ab67616d0000b2735b590ca7a86755e5b23deb1e;DeepSleep;223
Time for Peace;['Luminary Night'];Time for Peace;2025-06-27;3uvWF63jZETOMBwFq2JJnQ;https://i.scdn.co/image/ab67616d0000b2734caf77be3ffd3968f7f50b14;DeepSleep;224
Open Air;['Vindviska'];Open Air;2026-04-09;58LHMudv5OxRh9W1ieHqTw;https://i.scdn.co/image/ab67616d0000b273aa1fce47e4038836c6524745;DeepSleep;225
Steorra;['Linnea Arden'];Steorra;2025-12-26;6IFMQw8fiJFBFgidR7UUm0;https://i.scdn.co/image/ab67616d0000b273a97d40c5062f8d40798345bb;DeepSleep;226
Shapes;['X-Genie'];Shapes;2026-03-13;729j9DZkin370F2WyHw7p9;https://i.scdn.co/image/ab67616d0000b273af1b07fd9316fb2c970318c0;DeepSleep;227
Conservation of Momentum;['Diego Bellucci'];Conservation of Momentum;2026-04-24;62c7lSvCUdAWh3L9dcb9b6;https://i.scdn.co/image/ab67616d0000b2732b299b41d452de9f90770e94;DeepSleep;228
Eternal Dreams;['Vilambit'];Eternal Dreams;2026-04-24;38xcIxrrfnZkgD2P00nkGB;https://i.scdn.co/image/ab67616d0000b273864a8676a7282aa8f4a2703f;DeepSleep;229
Transparent Day;['Narnara', 'Zgva', 'Sizmara'];Transparent Day;2026-07-03;4a2jlK5xHOfUFPBbwNhU4j;https://i.scdn.co/image/ab67616d0000b27331c9986013c5df8d8dba367f;DeepSleep;230
Nebula Dreams;['Elare Veylon'];Nebula Dreams;2026-02-06;5SJKudDKsHRV1OdCqse7LH;https://i.scdn.co/image/ab67616d0000b2732e8397ba15f206c37d3b6d0e;DeepSleep;231
Eternal Horizon;['Solar Sonar'];Eternal Horizon;2025-09-23;2Es7gllTuNxiADI4BqahJ4;https://i.scdn.co/image/ab67616d0000b273b9566f6e5ba6cd0b1cc34dcc;DeepSleep;232
Solace in Slow Motion;['Astron'];Solace in Slow Motion;2024-11-26;4ViQRViK5nzlQutdEvipCb;https://i.scdn.co/image/ab67616d0000b2734c465c7ca7d74714a7cce78c;DeepSleep;233
Circadian;['Slow Journey'];Circadian;2025-12-05;3KsW2y89ZQDbPMMgZ8U8vw;https://i.scdn.co/image/ab67616d0000b2730be3f547598cc97ba150140e;DeepSleep;234
Lunessence Dreamfolde;['Luminescence Love'];Lunessence Dreamfolde;2025-10-10;0FpUE6yzqPIrNY2HB9EAxe;https://i.scdn.co/image/ab67616d0000b2733903cfd8d8d52efe63b0eeb8;DeepSleep;235
Weightless;['Elm Lake'];Weightless;2025-07-18;1cwIFVr8sCNPIBnM0FXr7b;https://i.scdn.co/image/ab67616d0000b2735221c46490a138b74564938b;DeepSleep;236
Insula;['Echoes of Embers'];Insula;2025-03-28;2pX6WF5BC7cQn9jGaZ2ip5;https://i.scdn.co/image/ab67616d0000b273a29989157be97fed58f56d0b;DeepSleep;237
Gravity’s Lullaby;['Kai Monroe'];Gravity’s Lullaby;2025-01-17;6bYAdSHt0WeWkr5us2uCm1;https://i.scdn.co/image/ab67616d0000b2732addaebf48aa1ae9af966e4b;DeepSleep;238
Andas;['Prodigieux'];Andas;2025-05-02;6eL4ra9UXGjQeUiscYgDQ7;https://i.scdn.co/image/ab67616d0000b273b41394b35c0eeb01f5ce14cc;DeepSleep;239
Auric Horizons;['Caer Ibormeith'];Auric Horizons;2025-01-31;50dIzZCE3XCBEz3ucuQar0;https://i.scdn.co/image/ab67616d0000b2731221aefc633f53522c2c125a;DeepSleep;240
Dale;['Twin Sleeps'];Dale;2025-06-13;36uo4MgUSTwWSf1jm74LQe;https://i.scdn.co/image/ab67616d0000b27333a22479d671f5da42527587;DeepSleep;241
Circular Moments;['Jack Allenson'];Circular Moments;2025-12-14;3seYhE1hyW5HnlApW4mXf8;https://i.scdn.co/image/ab67616d0000b273954fc2b4f40c5ac65256f4b3;DeepSleep;242
Pathways;['turquoise waters'];Pathways;2024-12-29;5aOOC79cCTH0z1Wtm7i2gY;https://i.scdn.co/image/ab67616d0000b2739b7b1813898775e317bafd5b;DeepSleep;243
Petals;['turquoise waters'];Petals;2025-01-26;0lxs9clbppskonABJ9do1k;https://i.scdn.co/image/ab67616d0000b2738112e48ae9a7d8b76e387698;DeepSleep;244
Lost in Reverie;['Umi no Yume'];Lost in Reverie;2025-08-01;6jyTCE2xqDfnK6K2GDHi2G;https://i.scdn.co/image/ab67616d0000b27353f23c152961eee921de46e4;DeepSleep;245
Partially Present;['Imperial Atlas'];Partially Present;2025-05-16;1xeZCLIfUBEHdbpO9sJbDP;https://i.scdn.co/image/ab67616d0000b2736c4644aaaf199ba403fe8a17;DeepSleep;246
Better Rest;['Opal Skies'];Better Rest;2025-03-14;6PlSS5EqEsFslVqcNcHClm;https://i.scdn.co/image/ab67616d0000b273d920f02a67674fa3d0c06884;DeepSleep;247
Luneth Vale;['Silva Aeter'];Luneth Vale;2026-06-26;1drfUt805eVEPBjq0MeUIs;https://i.scdn.co/image/ab67616d0000b2732a388e752d7a4e30cde408c8;DeepSleep;248
Placid Interval;['Zyair Price'];Placid Interval;2026-04-03;3rejhbJj7L7YG8dYkaq1Th;https://i.scdn.co/image/ab67616d0000b273a30d586f04f349fd855cfb28;DeepSleep;249
Radiance;['Novah Scotia'];Radiance;2024-06-14;0pUHdRvyYKfBuoZEjGE9MS;https://i.scdn.co/image/ab67616d0000b273e2c0a8f1ea066969bf3c6db0;DeepSleep;250
Broken Light;['Hank Sky'];Broken Light;2025-06-29;5YRBE1L9p8f6vbk2IgCxmT;https://i.scdn.co/image/ab67616d0000b273703857f2dfa6fc32d02166e9;DeepSleep;251
Ganymede;['Leo Dey'];Ganymede;2025-10-17;2lf5EmrvTuQ11WILgUGN52;https://i.scdn.co/image/ab67616d0000b273d63585e3b3929bf237011b8f;DeepSleep;252
Separhis;['Elio Vane'];Separhis;2026-03-20;3j4rWtKdQ87uAfY1fa56i1;https://i.scdn.co/image/ab67616d0000b2734af569c81a70f615e7d2b6e9;DeepSleep;253
Nightfall;['Nicolaj Stavrenko'];Nightfall;2025-08-21;4Ix9Eg6Lf1HbQcJU4Upc8R;https://i.scdn.co/image/ab67616d0000b2735108f1dba86f4021b464d765;DeepSleep;254
Satellite Path;['Wander Paths'];Satellite Path;2025-11-13;6bMS9VbncfxfcoUwSr58zd;https://i.scdn.co/image/ab67616d0000b2730bf61282a1752eee91d473b7;DeepSleep;255
Astro Light;['Natthiko'];Astro Light;2025-10-17;4X0e5rinKHiewZLcIekqEX;https://i.scdn.co/image/ab67616d0000b273c8be15d5d7cee1e08048b6da;DeepSleep;256
Breaking Surface;['Eomir'];Breaking Surface;2025-08-22;6wWl3LLNpdG2ktrmgLVMCH;https://i.scdn.co/image/ab67616d0000b27313b3f14f0381e48e0b90cb4c;DeepSleep;257
Forgiveness;['Airship Express'];Forgiveness;2025-11-28;1wRawiPop6mGwF5aWZyUa7;https://i.scdn.co/image/ab67616d0000b2734308312b063fb3daf9362c4b;DeepSleep;258
Strands;['Devon Fall'];Strands;2024-11-22;4wy9zHLsUrAjKxDuHJXC3g;https://i.scdn.co/image/ab67616d0000b273a2af07979ff6a34fa32984b0;DeepSleep;259
Sakura;['Benjamin Rhey'];Sakura;2025-04-11;6uvInHmXVxKyhVzvS7OJSV;https://i.scdn.co/image/ab67616d0000b27329bfbc7648114c69701ddeb2;DeepSleep;260
Stellar Breeze;['Cael Lunor'];Stellar Breeze;2025-11-28;6duDHxYFLwFpt9T7uulwTn;https://i.scdn.co/image/ab67616d0000b2731055ec845acb443290809ce8;DeepSleep;261
Tomorrow´s Light;['Miriam van Steeg'];Tomorrow´s Light;2025-12-12;0IsabgXY07eFzTs0ghVUqW;https://i.scdn.co/image/ab67616d0000b2732d89c4a568cda80b718aa61b;DeepSleep;262
Silver Shadow;['Hirenth'];Silver Shadow;2024-11-15;4NkoscxEk5YNjX0tyIjFi0;https://i.scdn.co/image/ab67616d0000b273ebc3d4975a328afe2d2efe88;DeepSleep;263
Strangers;['Astred'];Strangers;2025-04-20;2Fejv69vgRRdOIQy1B1UUP;https://i.scdn.co/image/ab67616d0000b273d2cf612d54caba1f62124349;DeepSleep;264
Contentment;['Lola Fiennes'];Contentment;2025-07-04;5ERFLJ0hgTIc8OlSC8jJlJ;https://i.scdn.co/image/ab67616d0000b273c49be9cfab5ffa5d3a7d6d88;DeepSleep;265
Effortless;['Kol Sova'];Effortless;2025-08-24;7v8XcvDZLrpKYPj4uW9kft;https://i.scdn.co/image/ab67616d0000b2739ff73ce83cf1d27faaf91a0b;DeepSleep;266
Cruising Altitude;['Astralis Flow'];Cruising Altitude;2025-05-30;5HjgSX1TFyUn5bzZ8BAIO7;https://i.scdn.co/image/ab67616d0000b27390e9401103c3b860ae432469;DeepSleep;267
Abstrahere;['Volta Celeste'];Abstrahere;2025-09-19;7mqhZNudWZT3PDQ6YZv9jC;https://i.scdn.co/image/ab67616d0000b273dddb9a8c1956b69a78300bea;DeepSleep;268
Infinito;['Auctor Noctis'];Infinito;2026-04-17;15PID0IdURqeHB7tk2c6LD;https://i.scdn.co/image/ab67616d0000b27326bea844a68c5a1680ff9b6a;DeepSleep;269
Quiet Space;['Jin Eun-Kyung'];Quiet Space;2026-04-02;3tk3BUAYHvLRwtPFgN0x5K;https://i.scdn.co/image/ab67616d0000b273711d8e4a089d0549b2099ed0;DeepSleep;270
Declustering;['Institute of Noise'];Declustering;2026-05-29;2nbVpuzJruJqENpdXcIVxf;https://i.scdn.co/image/ab67616d0000b273c90969f9dbd276e81d59d129;DeepSleep;271
Aether;['Dreamstate'];Aether;2026-05-15;3CafrWByoOpextnFO91buy;https://i.scdn.co/image/ab67616d0000b273abab3544111e31fe06bb88c0;DeepSleep;272
Mist Language;['Aether Deem'];Mist Language;2025-06-06;4mXhZpwK0ytVsf3g2wWeck;https://i.scdn.co/image/ab67616d0000b273a81e4ccb6c42eb4895c76113;DeepSleep;273
Desert;['So Lis'];Desert;2024-09-01;0GPz4mGYyITHIre3QIDswI;https://i.scdn.co/image/ab67616d0000b273f62c7a6d7d96eb396926eaeb;DeepSleep;274
Epiphany;['Arush Mandal'];Epiphany;2025-08-01;5G8hrYpFzjoEMFHERrGj9u;https://i.scdn.co/image/ab67616d0000b2731b7285f6883456947a67cddb;DeepSleep;275
Estimate;['ispíritu'];Estimate;2025-01-31;7lm8gkHUvNKXmVX857S2KU;https://i.scdn.co/image/ab67616d0000b273177ee14caeb9e0214df8f566;DeepSleep;276
Nalia Sunrise;['Galactica Pivot'];Nalia Sunrise;2025-07-11;70juyfmIamhYZqVKgQwmMK;https://i.scdn.co/image/ab67616d0000b2731e08d2c72c35ca2ea6a1ce14;DeepSleep;277
Forest of Peace (Ambient Sleep Version);['Astral Ocean'];Forest of Peace (Ambient Sleep Version);2025-08-12;1DDX0fD4SLf1bLSZ70Ifsa;https://i.scdn.co/image/ab67616d0000b273e45117620001ab9aa65b24d2;DeepSleep;278
Time Resting on Itself;['Nebula Drift'];Time Resting on Itself;2026-05-29;4WLZ0ZeYr2NjJEoiy47aWe;https://i.scdn.co/image/ab67616d0000b273583e4071bcbc4eaf3defe874;DeepSleep;279
Pater;['Brionique'];Pater;2026-01-23;3BCjHB0v9MvEMzTkZeHlox;https://i.scdn.co/image/ab67616d0000b273ded1368a798a861b2e698009;DeepSleep;280
Misty Daydreams;['Fabuluxe'];Misty Daydreams;2025-01-10;3YkKb4NZ1117eyqxwcOwNo;https://i.scdn.co/image/ab67616d0000b2733809ff7f4bcd33c15d689e2d;DeepSleep;281
Antares;['Spatia Sonica'];Antares;2026-04-10;4YbpWNVRTzwPvOSJLnCcbC;https://i.scdn.co/image/ab67616d0000b2733f382217faafceea773e89b8;DeepSleep;282
River Of Reflection;['Ethereal Nexus'];River Of Reflection;2026-02-27;7ccQEYerekWy7t06MUo8GG;https://i.scdn.co/image/ab67616d0000b273f173cb75b21c820c0a95a586;DeepSleep;283
Ascendant;['Slow Journey'];Ascendant;2024-12-13;6Di72er06ZXHWWJBX5YiRE;https://i.scdn.co/image/ab67616d0000b273e1233f29384423f6805a9561;DeepSleep;284
Coral Sky;['Elunara Mare'];Coral Sky;2025-08-15;39BZpeG37A78zfMQwAoHAE;https://i.scdn.co/image/ab67616d0000b273c2d7ee74d88b2ac8cb3fd686;DeepSleep;285
Emotional Intelligence;['Meloleon'];Emotional Intelligence;2025-06-27;7cyQ7irn0EWtIIVQVak7SQ;https://i.scdn.co/image/ab67616d0000b273d2450d193839d88ba5d48f54;DeepSleep;286
Unwound;['Aerial Lakes'];Unwound;2025-11-07;5kO5djSiZ2WPTpX6nymaQs;https://i.scdn.co/image/ab67616d0000b2738bdb588f94c91d7f2470c9fc;DeepSleep;287
Trust;['Amos Stremann'];Trust;2025-09-05;75gxIMtS5VbXhkrYrNUhwr;https://i.scdn.co/image/ab67616d0000b273cd55a345608afa02ca74bc66;DeepSleep;288
Similitudo;['Opheralis'];Similitudo;2026-06-05;1w9L3lla8eIJEhLMYCbNrC;https://i.scdn.co/image/ab67616d0000b273c5f192e1bbef74774727e506;DeepSleep;289
As a Leaflet;['Astra Sky'];As a Leaflet;2025-08-31;6ACxRwySTTNiikXy6fafTn;https://i.scdn.co/image/ab67616d0000b27335c06c260ed710eb04138409;DeepSleep;290
Topography;['Embodied Soul'];Topography;2025-08-15;0GfpXavNLCrfptKPRvIDwA;https://i.scdn.co/image/ab67616d0000b273f237a8c41ecf01b8bdd41861;DeepSleep;291
Dream Particles;['OmniBrain'];Dream Particles;2025-08-15;2SED0mFpuFUYoFzWv8tr7d;https://i.scdn.co/image/ab67616d0000b2730a7f79244d265c280ecae6bf;DeepSleep;292
Oscilla;['Wherewithal'];Oscilla;2025-09-05;0HO44kZW21aUSWduEgsDT7;https://i.scdn.co/image/ab67616d0000b2730d33658dff51de59dbcada51;DeepSleep;293
Centenary;['Lo Cendrisse'];Centenary;2025-08-08;3IvmtBmdIOx6dSsr9E3APh;https://i.scdn.co/image/ab67616d0000b2738a6e81baa834ecf5f65d3b5d;DeepSleep;294
Lonesome Wanderer;['Ion Mihutz'];Lonesome Wanderer;2026-02-17;7pOnK6eenVy7o1UhVPMEkS;https://i.scdn.co/image/ab67616d0000b273712d0f6ab853dda2be4b33ac;DeepSleep;295
Inner Beauty;['Altered Source'];Inner Beauty;2026-03-06;1WOxP8gFTGDIROZdroVZV2;https://i.scdn.co/image/ab67616d0000b2736e2acf4bfdc9ccccca9d38b5;DeepSleep;296
Lucida;['Narnara'];Lucida;2025-05-30;00WergTKw9QtAs11wE7dtF;https://i.scdn.co/image/ab67616d0000b273ac27dac91cdde4df8b1c2ac3;DeepSleep;297
Must Be Real;['EMIKO'];Must Be Real;2024-12-20;4e9nh4ytV1l6ldBKhaAPxS;https://i.scdn.co/image/ab67616d0000b273b2599056df929df3d47d4ebb;DeepSleep;298
Voids;['Empty Space'];Voids;2025-01-29;4u7zTUqLkWpUnISU1n90gU;https://i.scdn.co/image/ab67616d0000b2734fd15fdf0e67ee4b92b5b654;DeepSleep;299
Castors Path;['Mindful Meadow'];Castors Path;2025-07-25;3YKd1bBGonWDQTJObEadR6;https://i.scdn.co/image/ab67616d0000b27385e5151b019f50fdc33e9d89;DeepSleep;300
Reticular Trance;['Martin Grisel'];Reticular Trance;2025-05-16;5RzoEAd422RmC2GWELRlc4;https://i.scdn.co/image/ab67616d0000b273aa35c833e8448c6c3fac3b05;DeepSleep;301
Marigold;['Athyer Cane'];Marigold;2025-02-07;76Fync5kPWf3MhVsnI9U4B;https://i.scdn.co/image/ab67616d0000b27360ed8fe7d573263a20900193;DeepSleep;302
Healing Energy;['Matter and Energy'];Healing Energy;2025-11-04;5693HNhYwbU8D85OABHZnt;https://i.scdn.co/image/ab67616d0000b27314c11e84bf07f6d604f5758e;DeepSleep;303
A New Thought;['Map Of My Mind'];A New Thought;2026-03-13;441Cz5TOXmznytPLOU0OpJ;https://i.scdn.co/image/ab67616d0000b273a9724c9c10adf457f2e4e316;DeepSleep;304
Healing Light;['Cosmici'];Healing Light;2025-07-18;0UeCyrM1S0wFnwIDerj56y;https://i.scdn.co/image/ab67616d0000b273f473785db59cc2bb2b69ce5d;DeepSleep;305
Light Between Walls;['Nightpools'];Light Between Walls;2025-10-07;6xe1EQ611CKVYWCNKAmCOg;https://i.scdn.co/image/ab67616d0000b273ba7e4e1823557c63aca55a72;DeepSleep;306
The Principle of Mind;['Triangular Prism III'];The Principle of Mind;2025-06-06;5ebKwksChZF7hubZ4UdFl0;https://i.scdn.co/image/ab67616d0000b27335087e6fbe8b77b07d021ea2;DeepSleep;307
Etera;['Drift State'];Etera;2025-07-18;375O8dkwGSfO89EH4BoOt7;https://i.scdn.co/image/ab67616d0000b27352ab220593684a59636972f3;DeepSleep;308
Calm Moments;['Torun Lysander'];Calm Moments;2025-09-05;68zVBBg8njZ1yz01A6LaJx;https://i.scdn.co/image/ab67616d0000b2739bdeabf3ed02eaa82cb46e77;DeepSleep;309
Brightest Moments;['Namora'];Brightest Moments;2025-08-29;0QE7kX5YzojkguhrsUBnWX;https://i.scdn.co/image/ab67616d0000b2730ae49f1b62b1cfdaf59f2a5d;DeepSleep;310
Twilight;['Benjamin Rhey'];Twilight;2025-06-06;3aTjU4EFOukBhRP5TA9jr3;https://i.scdn.co/image/ab67616d0000b2739ddd84444e0cdb8dbb01f7c8;DeepSleep;311
Cicada;['Miloš Zakzewski'];Cicada;2025-07-07;2oUdK4260fzBiFlfp8RCde;https://i.scdn.co/image/ab67616d0000b2730b4b959cfab6b79e9a5301dd;DeepSleep;312
Fjori;['Fourth Eye'];Fjori;2025-11-02;21V4WCaKyZiVY48kh06sBO;https://i.scdn.co/image/ab67616d0000b2733271d4a0db27e5237aefa6e6;DeepSleep;313
astral lullaby;['spaceboy'];astral lullaby;2025-10-17;4S1FdsowOcQe5KTbfuIDYT;https://i.scdn.co/image/ab67616d0000b273a4058abc970b886dd8f27b48;DeepSleep;314
Objectively;['Dominum Nominum'];Objectively;2025-04-04;0ixbViINyatsqlTbj2bXpL;https://i.scdn.co/image/ab67616d0000b273460aeff7ce1d7ef77b1418a1;DeepSleep;315
Lasting;['Jupiter Calm'];Lasting;2025-09-02;4nlUgB3u6CJGUAAmbmFBwC;https://i.scdn.co/image/ab67616d0000b273c85524fc28e83e2bc627b021;DeepSleep;316
Realization Blur;['Alpenglown'];Realization Blur;2025-12-26;7J11u9tUvbQZ2tEb3vUNaG;https://i.scdn.co/image/ab67616d0000b273284b59b4fcdb40a84a4e8ee8;DeepSleep;317
Submission;['Evolutionists'];Submission;2025-05-09;2gFTkFPVNL3vgz4IAyBhVK;https://i.scdn.co/image/ab67616d0000b27316a129ed4eab6e7913d8571a;DeepSleep;318
Between Notes;['Evolutionists'];Between Notes;2025-09-05;5YugX1z41a79g5O4qqMlZC;https://i.scdn.co/image/ab67616d0000b2737f64b03e8b8323af23f4dcd7;DeepSleep;319
In Another Universe;['Noni Ammin'];In Another Universe;2025-07-18;0AjSouQfaxxagCjemCJYC0;https://i.scdn.co/image/ab67616d0000b273fab939ead9fb78dd349f8457;DeepSleep;320
Yang Tenang;['Dalkhan Panova'];Yang Tenang;2025-03-28;2jj4eYsP3fVRAh5xgtkmyY;https://i.scdn.co/image/ab67616d0000b2738c0e42380f5c4ea05cf6c909;DeepSleep;321
Aria of Dreams;['Shimmerweave'];Aria of Dreams;2025-03-14;074C3FRvFESm4NOZyB9sA2;https://i.scdn.co/image/ab67616d0000b273ba3faeadd34fd2eeddc0bfc3;DeepSleep;322
Vanishing Point;['Rawiri Te Awa'];Vanishing Point;2025-08-08;6lre0ASE6VEfUxLwjTPBkr;https://i.scdn.co/image/ab67616d0000b2735ee4f7c818a8d7dd2d735b99;DeepSleep;323
Meadows;['Joy Parade'];Meadows;2025-08-15;2IheO4P1XVghJecAQsorX1;https://i.scdn.co/image/ab67616d0000b273fb09d505ef689a0659030192;DeepSleep;324
Quintessence;['Moments Of Divinity'];Quintessence;2025-02-07;7IvEXpZFOqsv7fdfqHl0Rj;https://i.scdn.co/image/ab67616d0000b273671a1f6c53c9ee38a5637e4c;DeepSleep;325
Inflorescence;['Flouriiche'];Inflorescence;2025-01-10;4UoIEFv8OPG0AIYP9h2XXs;https://i.scdn.co/image/ab67616d0000b273fe27f7e5d1d940cc73098f51;DeepSleep;326
Cosmic Float;['Luna Ombro'];Cosmic Float;2025-03-14;50VMjeHYwhxF159woVcN3s;https://i.scdn.co/image/ab67616d0000b273917e77ce97412826ad53260d;DeepSleep;327
Velvet Silence;['Athyer Cane'];Velvet Silence;2025-03-21;7KYvP67O6NZ3cvIbkjpMbW;https://i.scdn.co/image/ab67616d0000b2732661d3906828286afcbb8d39;DeepSleep;328
celestial warmth;['spaceboy'];celestial warmth;2025-01-17;6NvYMtcBvOgQHQykyFTb1H;https://i.scdn.co/image/ab67616d0000b27374c817813e33f80550d84bc8;DeepSleep;329
Weightless;['Don Becker'];Weightless;2025-02-21;6BgsBv0o3uitg1DVh4GxWL;https://i.scdn.co/image/ab67616d0000b27300f0e39540fa362c2c117a20;DeepSleep;330
South Path Deep Breath;['Oaktale'];South Path Deep Breath;2025-01-17;3INKF2HjxXZcE5r45r8ypU;https://i.scdn.co/image/ab67616d0000b2731b7f7c79a2596a470377dfab;DeepSleep;331
Gryning;['Hank Sky'];Gryning;2025-11-16;2l2COcDzTnYXXwD6cPJUVE;https://i.scdn.co/image/ab67616d0000b2733b91c679c96d1c28bc4c27b3;DeepSleep;332
Together Forever;['Fourth Eye'];Together Forever;2025-04-27;0Uzmu06RrQ5w9Ze8WAUAE2;https://i.scdn.co/image/ab67616d0000b273b3623f274fc009c1b8975840;DeepSleep;333
Infinite Glide;['Fravula'];Infinite Glide;2025-08-17;11ErRNzo8GTJUfaLV5GRrs;https://i.scdn.co/image/ab67616d0000b273df485e338e27c8b93ec06a90;DeepSleep;334
Photon's Path;['Dalliance Blues'];Photon's Path;2025-04-04;00LOlOpGgdr4PXGpApLU6F;https://i.scdn.co/image/ab67616d0000b273b453aec3bffc16befb91e8c5;DeepSleep;335
Soft Currents;['Orions Passage'];Soft Currents;2025-11-28;6oE8HXihw6Avuxe2I6UeE7;https://i.scdn.co/image/ab67616d0000b273837447f1b0b8bfc7ca56c5b8;DeepSleep;336
Faint Light;['Meliore'];Faint Light;2025-07-01;6b3XdzyGfhd2ZZXgQ0BKRj;https://i.scdn.co/image/ab67616d0000b2731a50dff752f4835817e68dbb;DeepSleep;337
Bruadar;['Coileáinn'];Bruadar;2025-12-26;7e3FaXIojxSoLfEK3QIu4a;https://i.scdn.co/image/ab67616d0000b27383e5e217cd81f0e3fb0c38b8;DeepSleep;338
Neblina;['Infinite Field'];Neblina;2025-05-23;0oo9pzUL3BDofMUTMbbtEx;https://i.scdn.co/image/ab67616d0000b273a99a7f7d19dfaae41ed92def;DeepSleep;339
Interval;['Sootherica'];Interval;2025-11-24;5O3kgNESJyMlVz0d2xwe1Y;https://i.scdn.co/image/ab67616d0000b273d5feef8c9be1fd84a392df26;DeepSleep;340
Affections;['Los Sobriles'];Affections;2025-01-03;1RN8RzzOQMgPuLbyUMYrj7;https://i.scdn.co/image/ab67616d0000b2738e656b440f3851f17a854df9;DeepSleep;341
Heartspace;['Evolutionists'];Heartspace;2025-07-25;1NAFJtBsai6MFYLQEw3Lhs;https://i.scdn.co/image/ab67616d0000b2732685d925b7c5b889ad9eb88d;DeepSleep;342
Sonnecchiare;['Eomir'];Sonnecchiare;2025-09-04;3pGWoQJTIQrFgN4DKqGYLn;https://i.scdn.co/image/ab67616d0000b2733e47177d685272aee9d3bd05;DeepSleep;343
Lost In Yesterday;['Mellow Dreamer'];Lost In Yesterday;2025-06-05;1vtoQy0Bltfse2ZTMSUdfY;https://i.scdn.co/image/ab67616d0000b2739eb5d84ad582f976e5c0e71d;DeepSleep;344
Nova Bloom;['Somniare'];Nova Bloom;2025-09-05;0G12HioZEGtH0AjxK5hi4q;https://i.scdn.co/image/ab67616d0000b273b82c40ddcc43425ccdce6cbe;DeepSleep;345
Behind the Quiet Sky;['Harmonic Reverie'];Behind the Quiet Sky;2025-10-17;1pdgRlV47LmLhXUwZZ4PA7;https://i.scdn.co/image/ab67616d0000b2735627a003ad65dd377d3d0b80;DeepSleep;346
Midnight Eclipse;['Solros'];Midnight Eclipse;2026-06-28;1oHyMOqu7Sr9tKmND8Hdrk;https://i.scdn.co/image/ab67616d0000b273a89e368e03edcb9302edb4b1;DeepSleep;347
Meadow in the Blue;['Auraspheria'];Meadow in the Blue;2026-07-05;4Bo7aPMBLOPBjpavcuOt9G;https://i.scdn.co/image/ab67616d0000b2732f1b1c824ce99b992c2a2d3f;DeepSleep;348
Nolune;['Aurelia Drift'];Nolune;2026-01-02;0UaCvTCeNNXbWG6dq3d44Y;https://i.scdn.co/image/ab67616d0000b273eeb611312f0e543f4225e9c3;DeepSleep;349
Restful Ease;['Calmative'];Restful Ease;2025-03-09;2h31m60oGwh8ivc90435Sv;https://i.scdn.co/image/ab67616d0000b2736a8238fdb312b6f7f636b167;DeepSleep;350
First Light of Dawn;['Dawnveil'];First Light of Dawn;2026-06-26;3FvNzkkZxjpHpGMVOroMJr;https://i.scdn.co/image/ab67616d0000b27384cd54ef671721fab3895f5e;DeepSleep;351
Leo Minor;['Institute of Noise'];Leo Minor;2025-06-13;77b1PCipFncBUP0xpkbehw;https://i.scdn.co/image/ab67616d0000b273a3f309a5c959955b1618cc5b;DeepSleep;352
Composure;['Deep Enormo'];Composure;2025-08-08;6iXfQIjuRdreEgMZVEOPDy;https://i.scdn.co/image/ab67616d0000b2735ce303f9e13d593e2bce5bb1;DeepSleep;353
Estrellado;['Calmative'];Estrellado;2025-11-16;2u1Pkn6KxFm07j1C9oD2RN;https://i.scdn.co/image/ab67616d0000b27369c6cbb9caa8e72db5f6060f;DeepSleep;354
Faded;['Djupiter'];Faded;2025-10-24;5BFZvWJzteBkRistPOCgAx;https://i.scdn.co/image/ab67616d0000b273dbc4f2d77f1b0fe4cb8acfd7;DeepSleep;355
Ineffabile;['Vespera Nube'];Ineffabile;2026-01-23;35czu67QLUhIm9xhAnKuzC;https://i.scdn.co/image/ab67616d0000b2735ccb9a24d8b8d48814b8e28c;DeepSleep;356
Terminal Sanctuary;['TRANSQUILOSITY'];Terminal Sanctuary;2026-07-10;5kEXSmDR7hf88i7AofdTzj;https://i.scdn.co/image/ab67616d0000b2735483a0a5bc3734d09ebf5f8d;DeepSleep;357
Nebbioso;['Quiescente'];Nebbioso;2026-05-15;7vRMrD4grpdnwjwnIavn5M;https://i.scdn.co/image/ab67616d0000b2732518a1b45d848f9851bf204e;DeepSleep;358
Pastel;['Slow Journey'];Pastel;2025-04-11;28S9nPXe5CHoore3WVs6mR;https://i.scdn.co/image/ab67616d0000b2730382c4cb49c13383cbac8a78;DeepSleep;359
Unit;['Ylliria'];Unit;2025-12-26;136sD5FL2gEM4pLEArzkfQ;https://i.scdn.co/image/ab67616d0000b27374560bed9eafe88d4e0e1fd8;DeepSleep;360
Abstraction;['New Lab'];Abstraction;2026-04-17;6kI6zOM1qBYpLvmfP3rQoB;https://i.scdn.co/image/ab67616d0000b2735b7d2dba3d4b43ee13fb322c;DeepSleep;361
Timeless World;['Ayivah'];Timeless World;2026-01-30;5tuwiSVc9Sd5cpd46N6JCa;https://i.scdn.co/image/ab67616d0000b273183ae0da103e447bd579f8b4;DeepSleep;362
Healing Waves;['Calil'];Healing Waves;2025-06-20;4t7dsbeJOoCXOcr7wI2W7e;https://i.scdn.co/image/ab67616d0000b2735d2859639090d126571b503d;DeepSleep;363
Fading;['Chalka'];Fading;2025-10-03;4gSa5SeaUE8rOxmRkUhyer;https://i.scdn.co/image/ab67616d0000b273ebab72788649ec3a4554ff7b;DeepSleep;364
Stilla;['Solfjord'];Stilla;2025-12-21;5LZA9lsPbEQfXmgY8XSDde;https://i.scdn.co/image/ab67616d0000b27324bda819ab99780b56857cc1;DeepSleep;365
Beautiful Beginning;['Aurelia Drift'];Beautiful Beginning;2025-11-14;6QyRJ33DQhOMg705qxT83w;https://i.scdn.co/image/ab67616d0000b2732048b13de3b7fa88becc5d30;DeepSleep;366
Follow the light;['Foora'];Follow the light;2025-12-05;4IO1bKACHBxTWQl0kSU5LU;https://i.scdn.co/image/ab67616d0000b2731f1d712c8dd16baee670adbe;DeepSleep;367
Falling Blue Stars;['Sal Lastra'];Falling Blue Stars;2024-02-18;4tauiyO1Y1svU1U63XjXWw;https://i.scdn.co/image/ab67616d0000b273cfc4df91ff9bcc25b1812128;DeepSleep;368
